timestamp,close
2024-04-21 04:00:00+00:00,65110.81640625
2024-04-21 05:00:00+00:00,65078.2109375
2024-04-21 06:00:00+00:00,65107.3046875
2024-04-21 07:00:00+00:00,65176.94140625
2024-04-21 08:00:00+00:00,64970.39453125
2024-04-21 09:00:00+00:00,64918.30078125
2024-04-21 10:00:00+00:00,64980.375
2024-04-21 11:00:00+00:00,65269.921875
2024-04-21 12:00:00+00:00,65062.74609375
2024-04-21 13:00:00+00:00,64874.88671875
2024-04-21 14:00:00+00:00,64911.41015625
2024-04-21 15:00:00+00:00,65053.94140625
2024-04-21 16:00:00+00:00,64592.9609375
2024-04-21 17:00:00+00:00,64842.08203125
2024-04-21 18:00:00+00:00,64774.31640625
2024-04-21 19:00:00+00:00,64635.48046875
2024-04-21 20:00:00+00:00,64665.1640625
2024-04-21 21:00:00+00:00,64773.38671875
2024-04-21 22:00:00+00:00,65056.2265625
2024-04-21 23:00:00+00:00,64939.44921875
2024-04-22 00:00:00+00:00,64927.078125
2024-04-22 01:00:00+00:00,64746.44921875
2024-04-22 02:00:00+00:00,64805.17578125
2024-04-22 03:00:00+00:00,65776.7734375
2024-04-22 04:00:00+00:00,65752.7109375
2024-04-22 05:00:00+00:00,66433.0546875
2024-04-22 06:00:00+00:00,66356.5703125
2024-04-22 07:00:00+00:00,66059.3359375
2024-04-22 08:00:00+00:00,66008.0
2024-04-22 09:00:00+00:00,65917.9375
2024-04-22 10:00:00+00:00,66073.3125
2024-04-22 11:00:00+00:00,65903.921875
2024-04-22 12:00:00+00:00,66001.0234375
2024-04-22 13:00:00+00:00,66214.671875
2024-04-22 14:00:00+00:00,66065.015625
2024-04-22 15:00:00+00:00,66020.9765625
2024-04-22 16:00:00+00:00,66167.34375
2024-04-22 17:00:00+00:00,66612.0625
2024-04-22 18:00:00+00:00,66386.578125
2024-04-22 19:00:00+00:00,66531.9921875
2024-04-22 20:00:00+00:00,66510.1328125
2024-04-22 21:00:00+00:00,66539.6015625
2024-04-22 22:00:00+00:00,67073.3828125
2024-04-22 23:00:00+00:00,66835.6640625
2024-04-23 00:00:00+00:00,67029.8671875
2024-04-23 01:00:00+00:00,66836.7890625
2024-04-23 02:00:00+00:00,66640.359375
2024-04-23 03:00:00+00:00,66518.21875
2024-04-23 04:00:00+00:00,66274.96875
2024-04-23 05:00:00+00:00,66540.9375
2024-04-23 06:00:00+00:00,66371.6640625
2024-04-23 07:00:00+00:00,66137.625
2024-04-23 08:00:00+00:00,66258.390625
2024-04-23 09:00:00+00:00,66077.75
2024-04-23 10:00:00+00:00,66272.75
2024-04-23 11:00:00+00:00,66038.7109375
2024-04-23 12:00:00+00:00,66095.765625
2024-04-23 13:00:00+00:00,66499.5390625
2024-04-23 14:00:00+00:00,66931.7890625
2024-04-23 15:00:00+00:00,66408.703125
2024-04-23 16:00:00+00:00,66765.9765625
2024-04-23 17:00:00+00:00,66772.03125
2024-04-23 18:00:00+00:00,66788.8984375
2024-04-23 19:00:00+00:00,66441.0078125
2024-04-23 20:00:00+00:00,66269.5859375
2024-04-23 21:00:00+00:00,66363.671875
2024-04-23 22:00:00+00:00,66344.6171875
2024-04-23 23:00:00+00:00,66403.1484375
2024-04-24 00:00:00+00:00,66731.484375
2024-04-24 01:00:00+00:00,66791.2421875
2024-04-24 02:00:00+00:00,66569.640625
2024-04-24 03:00:00+00:00,66598.015625
2024-04-24 04:00:00+00:00,67020.9453125
2024-04-24 05:00:00+00:00,66753.890625
2024-04-24 06:00:00+00:00,66770.7890625
2024-04-24 07:00:00+00:00,66654.5703125
2024-04-24 08:00:00+00:00,66530.34375
2024-04-24 09:00:00+00:00,66361.53125
2024-04-24 10:00:00+00:00,66459.5859375
2024-04-24 11:00:00+00:00,66579.2109375
2024-04-24 12:00:00+00:00,66384.3671875
2024-04-24 13:00:00+00:00,66004.3984375
2024-04-24 14:00:00+00:00,65139.81640625
2024-04-24 15:00:00+00:00,64549.55078125
2024-04-24 16:00:00+00:00,64733.6015625
2024-04-24 17:00:00+00:00,64852.71875
2024-04-24 18:00:00+00:00,64140.765625
2024-04-24 19:00:00+00:00,63997.36328125
2024-04-24 20:00:00+00:00,64060.80859375
2024-04-24 21:00:00+00:00,64332.8203125
2024-04-24 22:00:00+00:00,64105.99609375
2024-04-24 23:00:00+00:00,64282.93359375
2024-04-25 00:00:00+00:00,64550.89453125
2024-04-25 01:00:00+00:00,64104.39453125
2024-04-25 02:00:00+00:00,64243.41796875
2024-04-25 03:00:00+00:00,64275.046875
2024-04-25 04:00:00+00:00,64320.06640625
2024-04-25 05:00:00+00:00,64236.2734375
2024-04-25 06:00:00+00:00,64271.3828125
2024-04-25 07:00:00+00:00,63978.1171875
2024-04-25 08:00:00+00:00,63854.30859375
2024-04-25 09:00:00+00:00,63945.56640625
2024-04-25 10:00:00+00:00,63458.68359375
2024-04-25 11:00:00+00:00,63855.7890625
2024-04-25 12:00:00+00:00,63464.15625
2024-04-25 13:00:00+00:00,63457.41015625
2024-04-25 14:00:00+00:00,63238.70703125
2024-04-25 15:00:00+00:00,64029.4375
2024-04-25 16:00:00+00:00,64418.546875
2024-04-25 17:00:00+00:00,64647.92578125
2024-04-25 18:00:00+00:00,64632.87890625
2024-04-25 19:00:00+00:00,64628.671875
2024-04-25 20:00:00+00:00,64837.83984375
2024-04-25 21:00:00+00:00,64742.01171875
2024-04-25 22:00:00+00:00,64605.90625
2024-04-25 23:00:00+00:00,64488.015625
2024-04-26 00:00:00+00:00,64297.6875
2024-04-26 01:00:00+00:00,64442.49609375
2024-04-26 02:00:00+00:00,64513.89453125
2024-04-26 03:00:00+00:00,64344.0234375
2024-04-26 04:00:00+00:00,64222.078125
2024-04-26 05:00:00+00:00,64534.16796875
2024-04-26 06:00:00+00:00,64423.01953125
2024-04-26 07:00:00+00:00,64303.16015625
2024-04-26 08:00:00+00:00,64400.33203125
2024-04-26 09:00:00+00:00,64455.546875
2024-04-26 10:00:00+00:00,64111.90234375
2024-04-26 11:00:00+00:00,64231.88671875
2024-04-26 12:00:00+00:00,64136.69921875
2024-04-26 13:00:00+00:00,64468.14453125
2024-04-26 14:00:00+00:00,63815.3125
2024-04-26 15:00:00+00:00,63475.76953125
2024-04-26 16:00:00+00:00,63688.34765625
2024-04-26 17:00:00+00:00,63960.6171875
2024-04-26 18:00:00+00:00,64038.59765625
2024-04-26 19:00:00+00:00,63877.546875
2024-04-26 20:00:00+00:00,63900.3984375
2024-04-26 21:00:00+00:00,64051.37109375
2024-04-26 22:00:00+00:00,63799.63671875
2024-04-26 23:00:00+00:00,63758.59765625
2024-04-27 00:00:00+00:00,62937.859375
2024-04-27 01:00:00+00:00,62559.4296875
2024-04-27 02:00:00+00:00,62934.0859375
2024-04-27 03:00:00+00:00,63071.0625
2024-04-27 04:00:00+00:00,62996.09765625
2024-04-27 05:00:00+00:00,62963.6796875
2024-04-27 06:00:00+00:00,62980.1953125
2024-04-27 07:00:00+00:00,62936.59765625
2024-04-27 08:00:00+00:00,62975.5625
2024-04-27 09:00:00+00:00,62923.7421875
2024-04-27 10:00:00+00:00,62759.93359375
2024-04-27 11:00:00+00:00,62831.41796875
2024-04-27 12:00:00+00:00,63010.40234375
2024-04-27 13:00:00+00:00,63173.85546875
2024-04-27 14:00:00+00:00,63094.37890625
2024-04-27 15:00:00+00:00,62877.62109375
2024-04-27 16:00:00+00:00,62772.1796875
2024-04-27 17:00:00+00:00,63425.3984375
2024-04-27 18:00:00+00:00,63280.60546875
2024-04-27 19:00:00+00:00,63314.9765625
2024-04-27 20:00:00+00:00,63212.5625
2024-04-27 21:00:00+00:00,63247.37890625
2024-04-27 22:00:00+00:00,63228.1796875
2024-04-27 23:00:00+00:00,63427.30859375
2024-04-28 00:00:00+00:00,63577.7578125
2024-04-28 01:00:00+00:00,63582.29296875
2024-04-28 02:00:00+00:00,63950.69140625
2024-04-28 03:00:00+00:00,64008.0078125
2024-04-28 04:00:00+00:00,63841.1015625
2024-04-28 05:00:00+00:00,63914.9453125
2024-04-28 06:00:00+00:00,63956.4296875
2024-04-28 07:00:00+00:00,63900.6875
2024-04-28 08:00:00+00:00,63687.38671875
2024-04-28 09:00:00+00:00,63721.1484375
2024-04-28 10:00:00+00:00,63658.03125
2024-04-28 11:00:00+00:00,63453.91796875
2024-04-28 12:00:00+00:00,63582.01953125
2024-04-28 13:00:00+00:00,63748.21484375
2024-04-28 14:00:00+00:00,63578.68359375
2024-04-28 15:00:00+00:00,63521.21875
2024-04-28 16:00:00+00:00,63672.484375
2024-04-28 17:00:00+00:00,63755.07421875
2024-04-28 18:00:00+00:00,63894.4375
2024-04-28 19:00:00+00:00,63759.50390625
2024-04-28 20:00:00+00:00,63658.83984375
2024-04-28 21:00:00+00:00,63626.78125
2024-04-28 22:00:00+00:00,63138.8984375
2024-04-28 23:00:00+00:00,63112.04296875
2024-04-29 00:00:00+00:00,63236.7890625
2024-04-29 01:00:00+00:00,63214.03125
2024-04-29 02:00:00+00:00,62725.2578125
2024-04-29 03:00:00+00:00,62449.43359375
2024-04-29 04:00:00+00:00,62539.73828125
2024-04-29 05:00:00+00:00,62423.89453125
2024-04-29 06:00:00+00:00,62120.17578125
2024-04-29 07:00:00+00:00,62406.703125
2024-04-29 08:00:00+00:00,62397.61328125
2024-04-29 09:00:00+00:00,62498.25390625
2024-04-29 10:00:00+00:00,62422.2109375
2024-04-29 11:00:00+00:00,62258.08203125
2024-04-29 12:00:00+00:00,62609.51171875
2024-04-29 13:00:00+00:00,61974.9375
2024-04-29 14:00:00+00:00,62847.734375
2024-04-29 15:00:00+00:00,62991.26953125
2024-04-29 16:00:00+00:00,62789.36328125
2024-04-29 17:00:00+00:00,63042.7109375
2024-04-29 18:00:00+00:00,62845.90234375
2024-04-29 19:00:00+00:00,62862.51171875
2024-04-29 20:00:00+00:00,62947.22265625
2024-04-29 21:00:00+00:00,63091.3125
2024-04-29 22:00:00+00:00,63861.46484375
2024-04-29 23:00:00+00:00,63831.74609375
2024-04-30 00:00:00+00:00,64561.15625
2024-04-30 01:00:00+00:00,63814.66796875
2024-04-30 02:00:00+00:00,63793.53515625
2024-04-30 03:00:00+00:00,63630.7734375
2024-04-30 04:00:00+00:00,63381.6484375
2024-04-30 05:00:00+00:00,63332.97265625
2024-04-30 06:00:00+00:00,63373.75
2024-04-30 07:00:00+00:00,63149.0
2024-04-30 08:00:00+00:00,61926.984375
2024-04-30 09:00:00+00:00,61691.46484375
2024-04-30 10:00:00+00:00,61726.59765625
2024-04-30 11:00:00+00:00,61185.73046875
2024-04-30 12:00:00+00:00,61195.86328125
2024-04-30 13:00:00+00:00,60844.65625
2024-04-30 14:00:00+00:00,61227.59765625
2024-04-30 15:00:00+00:00,60787.40234375
2024-04-30 16:00:00+00:00,60345.08203125
2024-04-30 17:00:00+00:00,60318.5234375
2024-04-30 18:00:00+00:00,60166.578125
2024-04-30 19:00:00+00:00,59120.06640625
2024-04-30 20:00:00+00:00,59848.99609375
2024-04-30 21:00:00+00:00,60147.86328125
2024-04-30 22:00:00+00:00,60521.5
2024-04-30 23:00:00+00:00,60667.64453125
2024-05-01 00:00:00+00:00,60205.0
2024-05-01 01:00:00+00:00,60046.0390625
2024-05-01 02:00:00+00:00,59856.140625
2024-05-01 03:00:00+00:00,60180.30859375
2024-05-01 04:00:00+00:00,60200.47265625
2024-05-01 05:00:00+00:00,59940.43359375
2024-05-01 06:00:00+00:00,59568.12890625
2024-05-01 07:00:00+00:00,57405.6328125
2024-05-01 08:00:00+00:00,57030.30078125
2024-05-01 09:00:00+00:00,57111.60546875
2024-05-01 10:00:00+00:00,57654.8203125
2024-05-01 11:00:00+00:00,57842.08984375
2024-05-01 12:00:00+00:00,57908.48046875
2024-05-01 13:00:00+00:00,57254.25390625
2024-05-01 14:00:00+00:00,57485.953125
2024-05-01 15:00:00+00:00,56792.8203125
2024-05-01 16:00:00+00:00,57019.67578125
2024-05-01 17:00:00+00:00,57455.9140625
2024-05-01 18:00:00+00:00,59071.359375
2024-05-01 19:00:00+00:00,56858.4375
2024-05-01 20:00:00+00:00,57369.96484375
2024-05-01 21:00:00+00:00,57859.609375
2024-05-01 22:00:00+00:00,57824.15234375
2024-05-01 23:00:00+00:00,58288.07421875
2024-05-02 00:00:00+00:00,57741.1640625
2024-05-02 01:00:00+00:00,57038.55859375
2024-05-02 02:00:00+00:00,57410.43359375
2024-05-02 03:00:00+00:00,57453.26953125
2024-05-02 04:00:00+00:00,57329.78515625
2024-05-02 05:00:00+00:00,57440.5078125
2024-05-02 06:00:00+00:00,57592.5390625
2024-05-02 07:00:00+00:00,57628.6328125
2024-05-02 08:00:00+00:00,57810.32421875
2024-05-02 09:00:00+00:00,57768.71875
2024-05-02 10:00:00+00:00,57791.140625
2024-05-02 11:00:00+00:00,58557.0078125
2024-05-02 12:00:00+00:00,58576.5546875
2024-05-02 13:00:00+00:00,58439.15625
2024-05-02 14:00:00+00:00,59110.0078125
2024-05-02 15:00:00+00:00,59241.515625
2024-05-02 16:00:00+00:00,59051.17578125
2024-05-02 17:00:00+00:00,59236.58984375
2024-05-02 18:00:00+00:00,59445.54296875
2024-05-02 19:00:00+00:00,59231.609375
2024-05-02 20:00:00+00:00,58773.921875
2024-05-02 21:00:00+00:00,59121.5078125
2024-05-02 22:00:00+00:00,59328.3125
2024-05-02 23:00:00+00:00,59113.69140625
2024-05-03 00:00:00+00:00,59048.8515625
2024-05-03 01:00:00+00:00,59359.3046875
2024-05-03 02:00:00+00:00,59561.47265625
2024-05-03 03:00:00+00:00,59740.55859375
2024-05-03 04:00:00+00:00,59585.7734375
2024-05-03 05:00:00+00:00,59524.203125
2024-05-03 06:00:00+00:00,59274.48828125
2024-05-03 07:00:00+00:00,59179.00390625
2024-05-03 08:00:00+00:00,59244.4921875
2024-05-03 09:00:00+00:00,59504.0
2024-05-03 10:00:00+00:00,59036.72265625
2024-05-03 11:00:00+00:00,59281.33203125
2024-05-03 12:00:00+00:00,60693.3359375
2024-05-03 13:00:00+00:00,61662.1953125
2024-05-03 14:00:00+00:00,61660.2265625
2024-05-03 15:00:00+00:00,61766.8515625
2024-05-03 16:00:00+00:00,61674.0625
2024-05-03 17:00:00+00:00,61852.609375
2024-05-03 18:00:00+00:00,61821.20703125
2024-05-03 19:00:00+00:00,62025.58984375
2024-05-03 20:00:00+00:00,62860.75
2024-05-03 21:00:00+00:00,62593.28125
2024-05-03 22:00:00+00:00,62858.1484375
2024-05-03 23:00:00+00:00,62889.01953125
2024-05-04 00:00:00+00:00,63123.515625
2024-05-04 01:00:00+00:00,62914.22265625
2024-05-04 02:00:00+00:00,62705.02734375
2024-05-04 03:00:00+00:00,62722.58984375
2024-05-04 04:00:00+00:00,63122.78515625
2024-05-04 05:00:00+00:00,63383.40625
2024-05-04 06:00:00+00:00,62985.30078125
2024-05-04 07:00:00+00:00,62985.26953125
2024-05-04 08:00:00+00:00,63155.22265625
2024-05-04 09:00:00+00:00,63152.83984375
2024-05-04 10:00:00+00:00,64290.63671875
2024-05-04 11:00:00+00:00,63866.68359375
2024-05-04 12:00:00+00:00,64009.7578125
2024-05-04 13:00:00+00:00,63747.8828125
2024-05-04 14:00:00+00:00,63849.1015625
2024-05-04 15:00:00+00:00,63642.15234375
2024-05-04 16:00:00+00:00,63672.2734375
2024-05-04 17:00:00+00:00,63475.875
2024-05-04 18:00:00+00:00,63648.3671875
2024-05-04 19:00:00+00:00,63955.3984375
2024-05-04 20:00:00+00:00,63898.890625
2024-05-04 21:00:00+00:00,63924.4140625
2024-05-04 22:00:00+00:00,63626.140625
2024-05-04 23:00:00+00:00,63893.9921875
2024-05-05 00:00:00+00:00,63527.40625
2024-05-05 01:00:00+00:00,63330.7578125
2024-05-05 02:00:00+00:00,63182.5625
2024-05-05 03:00:00+00:00,63241.83203125
2024-05-05 04:00:00+00:00,63376.3671875
2024-05-05 05:00:00+00:00,63208.94921875
2024-05-05 06:00:00+00:00,63390.921875
2024-05-05 07:00:00+00:00,63762.27734375
2024-05-05 08:00:00+00:00,63691.765625
2024-05-05 09:00:00+00:00,63697.38671875
2024-05-05 10:00:00+00:00,63700.12109375
2024-05-05 11:00:00+00:00,63852.8671875
2024-05-05 12:00:00+00:00,63732.42578125
2024-05-05 13:00:00+00:00,64107.65625
2024-05-05 14:00:00+00:00,64143.0078125
2024-05-05 15:00:00+00:00,64449.6953125
2024-05-05 16:00:00+00:00,64307.66015625
2024-05-05 17:00:00+00:00,64254.796875
2024-05-05 18:00:00+00:00,63935.07421875
2024-05-05 19:00:00+00:00,63885.296875
2024-05-05 20:00:00+00:00,63745.67578125
2024-05-05 21:00:00+00:00,63816.85546875
2024-05-05 22:00:00+00:00,63897.91015625
2024-05-05 23:00:00+00:00,64044.046875
2024-05-06 00:00:00+00:00,64230.75
2024-05-06 01:00:00+00:00,64160.96875
2024-05-06 02:00:00+00:00,63867.80859375
2024-05-06 03:00:00+00:00,63887.4921875
2024-05-06 04:00:00+00:00,64157.859375
2024-05-06 05:00:00+00:00,64168.03125
2024-05-06 06:00:00+00:00,64237.54296875
2024-05-06 07:00:00+00:00,64512.5859375
2024-05-06 08:00:00+00:00,65137.6953125
2024-05-06 09:00:00+00:00,65146.59765625
2024-05-06 10:00:00+00:00,64092.9609375
2024-05-06 11:00:00+00:00,64215.8125
2024-05-06 12:00:00+00:00,63572.51953125
2024-05-06 13:00:00+00:00,63847.66015625
2024-05-06 14:00:00+00:00,63313.234375
2024-05-06 15:00:00+00:00,63701.53515625
2024-05-06 16:00:00+00:00,63156.2578125
2024-05-06 17:00:00+00:00,63122.35546875
2024-05-06 18:00:00+00:00,63423.6640625
2024-05-06 19:00:00+00:00,63191.59765625
2024-05-06 20:00:00+00:00,63316.73046875
2024-05-06 21:00:00+00:00,63572.66796875
2024-05-06 22:00:00+00:00,63495.0703125
2024-05-06 23:00:00+00:00,63165.90625
2024-05-07 00:00:00+00:00,63524.015625
2024-05-07 01:00:00+00:00,63877.7578125
2024-05-07 02:00:00+00:00,63700.4140625
2024-05-07 03:00:00+00:00,63240.8203125
2024-05-07 04:00:00+00:00,63432.4765625
2024-05-07 05:00:00+00:00,63510.2109375
2024-05-07 06:00:00+00:00,63645.3671875
2024-05-07 07:00:00+00:00,63701.359375
2024-05-07 08:00:00+00:00,64266.51171875
2024-05-07 09:00:00+00:00,64126.3046875
2024-05-07 10:00:00+00:00,64107.62109375
2024-05-07 11:00:00+00:00,63506.19921875
2024-05-07 12:00:00+00:00,63659.3984375
2024-05-07 13:00:00+00:00,63161.8359375
2024-05-07 14:00:00+00:00,63822.890625
2024-05-07 15:00:00+00:00,63724.53125
2024-05-07 16:00:00+00:00,63590.96484375
2024-05-07 17:00:00+00:00,63410.484375
2024-05-07 18:00:00+00:00,63153.7578125
2024-05-07 19:00:00+00:00,62989.28515625
2024-05-07 20:00:00+00:00,62971.66796875
2024-05-07 21:00:00+00:00,63089.328125
2024-05-07 22:00:00+00:00,62841.5390625
2024-05-07 23:00:00+00:00,62364.8203125
2024-05-08 00:00:00+00:00,62598.94921875
2024-05-08 01:00:00+00:00,62521.03515625
2024-05-08 02:00:00+00:00,62799.078125
2024-05-08 03:00:00+00:00,62860.43359375
2024-05-08 04:00:00+00:00,62568.359375
2024-05-08 05:00:00+00:00,62606.45703125
2024-05-08 06:00:00+00:00,62486.4921875
2024-05-08 07:00:00+00:00,62184.890625
2024-05-08 08:00:00+00:00,62302.2578125
2024-05-08 09:00:00+00:00,62280.19140625
2024-05-08 10:00:00+00:00,62467.3515625
2024-05-08 11:00:00+00:00,62267.50390625
2024-05-08 12:00:00+00:00,62205.44921875
2024-05-08 13:00:00+00:00,62349.28125
2024-05-08 14:00:00+00:00,62596.13671875
2024-05-08 15:00:00+00:00,62276.8046875
2024-05-08 16:00:00+00:00,62401.16015625
2024-05-08 17:00:00+00:00,62579.421875
2024-05-08 18:00:00+00:00,62502.55859375
2024-05-08 19:00:00+00:00,62233.46875
2024-05-08 20:00:00+00:00,61593.57421875
2024-05-08 21:00:00+00:00,61473.25
2024-05-08 22:00:00+00:00,61231.9140625
2024-05-08 23:00:00+00:00,61158.578125
2024-05-09 00:00:00+00:00,61399.796875
2024-05-09 01:00:00+00:00,61519.90234375
2024-05-09 02:00:00+00:00,61641.9140625
2024-05-09 03:00:00+00:00,61672.72265625
2024-05-09 04:00:00+00:00,61497.86328125
2024-05-09 05:00:00+00:00,61588.796875
2024-05-09 06:00:00+00:00,61619.3515625
2024-05-09 07:00:00+00:00,61220.17578125
2024-05-09 08:00:00+00:00,61269.43359375
2024-05-09 09:00:00+00:00,61232.75390625
2024-05-09 10:00:00+00:00,60860.14453125
2024-05-09 11:00:00+00:00,61054.52734375
2024-05-09 12:00:00+00:00,61511.66015625
2024-05-09 13:00:00+00:00,61136.19140625
2024-05-09 14:00:00+00:00,61450.328125
2024-05-09 15:00:00+00:00,62121.359375
2024-05-09 16:00:00+00:00,61915.5390625
2024-05-09 17:00:00+00:00,61959.0234375
2024-05-09 18:00:00+00:00,62199.58203125
2024-05-09 19:00:00+00:00,62414.9375
2024-05-09 20:00:00+00:00,62623.58203125
2024-05-09 21:00:00+00:00,62549.95703125
2024-05-09 22:00:00+00:00,63295.296875
2024-05-09 23:00:00+00:00,63046.765625
2024-05-10 00:00:00+00:00,62829.19140625
2024-05-10 01:00:00+00:00,62873.3828125
2024-05-10 02:00:00+00:00,62875.12890625
2024-05-10 03:00:00+00:00,62916.93359375
2024-05-10 04:00:00+00:00,62931.01953125
2024-05-10 05:00:00+00:00,62765.609375
2024-05-10 06:00:00+00:00,63175.140625
2024-05-10 07:00:00+00:00,63133.01953125
2024-05-10 08:00:00+00:00,62981.23828125
2024-05-10 09:00:00+00:00,63096.5546875
2024-05-10 10:00:00+00:00,63009.6875
2024-05-10 11:00:00+00:00,63283.125
2024-05-10 12:00:00+00:00,63016.703125
2024-05-10 13:00:00+00:00,63035.0
2024-05-10 14:00:00+00:00,61223.125
2024-05-10 15:00:00+00:00,60913.7109375
2024-05-10 16:00:00+00:00,61110.2890625
2024-05-10 17:00:00+00:00,60385.109375
2024-05-10 18:00:00+00:00,60648.94140625
2024-05-10 19:00:00+00:00,60725.43359375
2024-05-10 20:00:00+00:00,60463.703125
2024-05-10 21:00:00+00:00,60613.81640625
2024-05-10 22:00:00+00:00,60853.01953125
2024-05-10 23:00:00+00:00,60806.5625
2024-05-11 00:00:00+00:00,60782.21875
2024-05-11 01:00:00+00:00,60870.6640625
2024-05-11 02:00:00+00:00,60859.140625
2024-05-11 03:00:00+00:00,60719.6328125
2024-05-11 04:00:00+00:00,60773.3671875
2024-05-11 05:00:00+00:00,60895.6171875
2024-05-11 06:00:00+00:00,60953.9453125
2024-05-11 07:00:00+00:00,60971.5546875
2024-05-11 08:00:00+00:00,60805.28125
2024-05-11 09:00:00+00:00,60826.65234375
2024-05-11 10:00:00+00:00,60732.86328125
2024-05-11 11:00:00+00:00,60682.44921875
2024-05-11 12:00:00+00:00,60706.09375
2024-05-11 13:00:00+00:00,60947.5234375
2024-05-11 14:00:00+00:00,60832.0390625
2024-05-11 15:00:00+00:00,61146.2734375
2024-05-11 16:00:00+00:00,61138.5390625
2024-05-11 17:00:00+00:00,61052.18359375
2024-05-11 18:00:00+00:00,61233.4140625
2024-05-11 19:00:00+00:00,61143.11328125
2024-05-11 20:00:00+00:00,60991.60546875
2024-05-11 21:00:00+00:00,60918.5546875
2024-05-11 22:00:00+00:00,60891.22265625
2024-05-11 23:00:00+00:00,60788.67578125
2024-05-12 00:00:00+00:00,60964.72265625
2024-05-12 01:00:00+00:00,60845.73828125
2024-05-12 02:00:00+00:00,60896.54296875
2024-05-12 03:00:00+00:00,60913.05078125
2024-05-12 04:00:00+00:00,61081.37890625
2024-05-12 05:00:00+00:00,61046.72265625
2024-05-12 06:00:00+00:00,60938.62890625
2024-05-12 07:00:00+00:00,60752.38671875
2024-05-12 08:00:00+00:00,60995.15625
2024-05-12 09:00:00+00:00,60985.22265625
2024-05-12 10:00:00+00:00,61131.0546875
2024-05-12 11:00:00+00:00,61113.328125
2024-05-12 12:00:00+00:00,61135.19921875
2024-05-12 13:00:00+00:00,61179.1953125
2024-05-12 14:00:00+00:00,61142.48828125
2024-05-12 15:00:00+00:00,61361.03125
2024-05-12 16:00:00+00:00,61369.51953125
2024-05-12 17:00:00+00:00,61626.58203125
2024-05-12 18:00:00+00:00,61377.90625
2024-05-12 19:00:00+00:00,61374.73828125
2024-05-12 20:00:00+00:00,61285.2109375
2024-05-12 21:00:00+00:00,61219.98046875
2024-05-12 22:00:00+00:00,61293.86328125
2024-05-12 23:00:00+00:00,61471.06640625
2024-05-13 00:00:00+00:00,61497.11328125
2024-05-13 01:00:00+00:00,61383.17578125
2024-05-13 02:00:00+00:00,61035.984375
2024-05-13 03:00:00+00:00,61133.30859375
2024-05-13 04:00:00+00:00,60969.8671875
2024-05-13 05:00:00+00:00,60837.80859375
2024-05-13 06:00:00+00:00,61434.03125
2024-05-13 07:00:00+00:00,62352.71875
2024-05-13 08:00:00+00:00,62785.90234375
2024-05-13 09:00:00+00:00,63038.6953125
2024-05-13 10:00:00+00:00,62683.01953125
2024-05-13 11:00:00+00:00,62699.42578125
2024-05-13 12:00:00+00:00,62804.0625
2024-05-13 13:00:00+00:00,62726.21875
2024-05-13 14:00:00+00:00,62767.84765625
2024-05-13 15:00:00+00:00,62983.953125
2024-05-13 16:00:00+00:00,63163.375
2024-05-13 17:00:00+00:00,62793.69140625
2024-05-13 18:00:00+00:00,62767.8125
2024-05-13 19:00:00+00:00,63077.30078125
2024-05-13 20:00:00+00:00,63088.03125
2024-05-13 21:00:00+00:00,62875.984375
2024-05-13 22:00:00+00:00,62802.078125
2024-05-13 23:00:00+00:00,62909.3671875
2024-05-14 00:00:00+00:00,62780.0234375
2024-05-14 01:00:00+00:00,62625.2109375
2024-05-14 02:00:00+00:00,62513.69921875
2024-05-14 03:00:00+00:00,62441.36328125
2024-05-14 04:00:00+00:00,62500.49609375
2024-05-14 05:00:00+00:00,62664.6015625
2024-05-14 06:00:00+00:00,61979.421875
2024-05-14 07:00:00+00:00,61998.20703125
2024-05-14 08:00:00+00:00,61830.3203125
2024-05-14 09:00:00+00:00,61769.546875
2024-05-14 10:00:00+00:00,61681.125
2024-05-14 11:00:00+00:00,61750.07421875
2024-05-14 12:00:00+00:00,61560.41015625
2024-05-14 13:00:00+00:00,61745.5
2024-05-14 14:00:00+00:00,61785.6640625
2024-05-14 15:00:00+00:00,61777.7890625
2024-05-14 16:00:00+00:00,61372.28515625
2024-05-14 17:00:00+00:00,61258.078125
2024-05-14 18:00:00+00:00,61374.19140625
2024-05-14 19:00:00+00:00,61562.84765625
2024-05-14 20:00:00+00:00,61587.44921875
2024-05-14 21:00:00+00:00,61663.08203125
2024-05-14 22:00:00+00:00,61699.33203125
2024-05-14 23:00:00+00:00,61553.59765625
2024-05-15 00:00:00+00:00,61410.75390625
2024-05-15 01:00:00+00:00,61662.24609375
2024-05-15 02:00:00+00:00,61750.96875
2024-05-15 03:00:00+00:00,61918.40234375
2024-05-15 04:00:00+00:00,61905.08984375
2024-05-15 05:00:00+00:00,61906.24609375
2024-05-15 06:00:00+00:00,61955.5
2024-05-15 07:00:00+00:00,62177.55859375
2024-05-15 08:00:00+00:00,62133.3828125
2024-05-15 09:00:00+00:00,62737.73046875
2024-05-15 10:00:00+00:00,62668.08203125
2024-05-15 11:00:00+00:00,62423.2109375
2024-05-15 12:00:00+00:00,63715.94921875
2024-05-15 13:00:00+00:00,64161.84375
2024-05-15 14:00:00+00:00,64453.45703125
2024-05-15 15:00:00+00:00,64655.17578125
2024-05-15 16:00:00+00:00,64802.5703125
2024-05-15 17:00:00+00:00,65122.19921875
2024-05-15 18:00:00+00:00,65786.9453125
2024-05-15 19:00:00+00:00,65999.5078125
2024-05-15 20:00:00+00:00,65965.59375
2024-05-15 21:00:00+00:00,65941.8125
2024-05-15 22:00:00+00:00,66149.234375
2024-05-15 23:00:00+00:00,66241.75
2024-05-16 00:00:00+00:00,66101.6796875
2024-05-16 01:00:00+00:00,65964.4453125
2024-05-16 02:00:00+00:00,65855.3671875
2024-05-16 03:00:00+00:00,65992.78125
2024-05-16 04:00:00+00:00,65842.7734375
2024-05-16 05:00:00+00:00,65821.609375
2024-05-16 06:00:00+00:00,65941.7734375
2024-05-16 07:00:00+00:00,66167.7109375
2024-05-16 08:00:00+00:00,66305.9921875
2024-05-16 09:00:00+00:00,66367.171875
2024-05-16 10:00:00+00:00,66177.46875
2024-05-16 11:00:00+00:00,66430.5546875
2024-05-16 12:00:00+00:00,66146.234375
2024-05-16 13:00:00+00:00,66312.7734375
2024-05-16 14:00:00+00:00,65686.1015625
2024-05-16 15:00:00+00:00,65843.171875
2024-05-16 16:00:00+00:00,65144.30078125
2024-05-16 17:00:00+00:00,65035.328125
2024-05-16 18:00:00+00:00,65128.28125
2024-05-16 19:00:00+00:00,65241.1484375
2024-05-16 20:00:00+00:00,65262.74609375
2024-05-16 21:00:00+00:00,65457.15234375
2024-05-16 22:00:00+00:00,65399.8671875
2024-05-16 23:00:00+00:00,65210.2421875
2024-05-17 00:00:00+00:00,65355.17578125
2024-05-17 01:00:00+00:00,65345.07421875
2024-05-17 02:00:00+00:00,65389.046875
2024-05-17 03:00:00+00:00,65619.3125
2024-05-17 04:00:00+00:00,65454.890625
2024-05-17 05:00:00+00:00,65692.5390625
2024-05-17 06:00:00+00:00,66003.3671875
2024-05-17 07:00:00+00:00,66407.65625
2024-05-17 08:00:00+00:00,66086.9375
2024-05-17 09:00:00+00:00,66382.9296875
2024-05-17 10:00:00+00:00,66455.53125
2024-05-17 11:00:00+00:00,66266.0546875
2024-05-17 12:00:00+00:00,66416.78125
2024-05-17 13:00:00+00:00,65955.8828125
2024-05-17 14:00:00+00:00,66739.8125
2024-05-17 15:00:00+00:00,67205.8046875
2024-05-17 16:00:00+00:00,66996.4375
2024-05-17 17:00:00+00:00,66795.3671875
2024-05-17 18:00:00+00:00,66845.0
2024-05-17 19:00:00+00:00,66924.3671875
2024-05-17 20:00:00+00:00,66952.4375
2024-05-17 21:00:00+00:00,66858.34375
2024-05-17 22:00:00+00:00,66791.5234375
2024-05-17 23:00:00+00:00,67004.4609375
2024-05-18 00:00:00+00:00,66932.015625
2024-05-18 01:00:00+00:00,66991.046875
2024-05-18 02:00:00+00:00,66934.0859375
2024-05-18 03:00:00+00:00,66973.375
2024-05-18 04:00:00+00:00,66903.1328125
2024-05-18 05:00:00+00:00,66880.671875
2024-05-18 06:00:00+00:00,66938.0859375
2024-05-18 07:00:00+00:00,66892.890625
2024-05-18 08:00:00+00:00,67036.28125
2024-05-18 09:00:00+00:00,67135.09375
2024-05-18 10:00:00+00:00,67235.6796875
2024-05-18 11:00:00+00:00,67227.09375
2024-05-18 12:00:00+00:00,66989.65625
2024-05-18 13:00:00+00:00,66924.3828125
2024-05-18 14:00:00+00:00,66839.8515625
2024-05-18 15:00:00+00:00,66877.703125
2024-05-18 16:00:00+00:00,66898.3125
2024-05-18 17:00:00+00:00,66856.6953125
2024-05-18 18:00:00+00:00,66828.8828125
2024-05-18 19:00:00+00:00,66940.140625
2024-05-18 20:00:00+00:00,67006.390625
2024-05-18 21:00:00+00:00,66912.9296875
2024-05-18 22:00:00+00:00,66942.28125
2024-05-18 23:00:00+00:00,66940.6640625
2024-05-19 00:00:00+00:00,66900.390625
2024-05-19 01:00:00+00:00,66938.1015625
2024-05-19 02:00:00+00:00,67193.3203125
2024-05-19 03:00:00+00:00,67169.015625
2024-05-19 04:00:00+00:00,67146.640625
2024-05-19 05:00:00+00:00,67128.90625
2024-05-19 06:00:00+00:00,67021.125
2024-05-19 07:00:00+00:00,67333.9296875
2024-05-19 08:00:00+00:00,67185.3125
2024-05-19 09:00:00+00:00,67186.8984375
2024-05-19 10:00:00+00:00,67279.515625
2024-05-19 11:00:00+00:00,67330.5
2024-05-19 12:00:00+00:00,66884.0234375
2024-05-19 13:00:00+00:00,67020.3203125
2024-05-19 14:00:00+00:00,66936.8671875
2024-05-19 15:00:00+00:00,66896.1171875
2024-05-19 16:00:00+00:00,66666.984375
2024-05-19 17:00:00+00:00,66732.734375
2024-05-19 18:00:00+00:00,66568.0078125
2024-05-19 19:00:00+00:00,66041.515625
2024-05-19 20:00:00+00:00,66157.0234375
2024-05-19 21:00:00+00:00,66251.9609375
2024-05-19 22:00:00+00:00,66364.328125
2024-05-19 23:00:00+00:00,66281.5
2024-05-20 00:00:00+00:00,66445.9296875
2024-05-20 01:00:00+00:00,66503.40625
2024-05-20 02:00:00+00:00,66677.1015625
2024-05-20 03:00:00+00:00,66677.28125
2024-05-20 04:00:00+00:00,67109.921875
2024-05-20 05:00:00+00:00,67122.1875
2024-05-20 06:00:00+00:00,66374.0
2024-05-20 07:00:00+00:00,66843.296875
2024-05-20 08:00:00+00:00,66775.84375
2024-05-20 09:00:00+00:00,66903.8984375
2024-05-20 10:00:00+00:00,67162.4609375
2024-05-20 11:00:00+00:00,66999.0390625
2024-05-20 12:00:00+00:00,66926.5078125
2024-05-20 13:00:00+00:00,67058.5546875
2024-05-20 14:00:00+00:00,66960.96875
2024-05-20 15:00:00+00:00,67405.4921875
2024-05-20 16:00:00+00:00,68199.6015625
2024-05-20 17:00:00+00:00,68321.1484375
2024-05-20 18:00:00+00:00,68662.6171875
2024-05-20 19:00:00+00:00,69881.765625
2024-05-20 20:00:00+00:00,69488.1328125
2024-05-20 21:00:00+00:00,69683.4765625
2024-05-20 22:00:00+00:00,69624.8984375
2024-05-20 23:00:00+00:00,71376.6796875
2024-05-21 00:00:00+00:00,71239.75
2024-05-21 01:00:00+00:00,71095.125
2024-05-21 02:00:00+00:00,71315.890625
2024-05-21 03:00:00+00:00,71283.8984375
2024-05-21 04:00:00+00:00,70880.421875
2024-05-21 05:00:00+00:00,71181.65625
2024-05-21 06:00:00+00:00,71192.75
2024-05-21 07:00:00+00:00,70893.40625
2024-05-21 08:00:00+00:00,70910.9296875
2024-05-21 09:00:00+00:00,70999.71875
2024-05-21 10:00:00+00:00,71013.8203125
2024-05-21 11:00:00+00:00,71148.5
2024-05-21 12:00:00+00:00,71299.703125
2024-05-21 13:00:00+00:00,70553.1171875
2024-05-21 14:00:00+00:00,70272.859375
2024-05-21 15:00:00+00:00,69692.6328125
2024-05-21 16:00:00+00:00,69715.9296875
2024-05-21 17:00:00+00:00,69831.9140625
2024-05-21 18:00:00+00:00,69788.21875
2024-05-21 19:00:00+00:00,69363.8515625
2024-05-21 20:00:00+00:00,69718.71875
2024-05-21 21:00:00+00:00,69746.8671875
2024-05-21 22:00:00+00:00,70191.5859375
2024-05-21 23:00:00+00:00,70165.9375
2024-05-22 00:00:00+00:00,70153.5703125
2024-05-22 01:00:00+00:00,70130.5078125
2024-05-22 02:00:00+00:00,70018.1484375
2024-05-22 03:00:00+00:00,69942.8671875
2024-05-22 04:00:00+00:00,69603.1640625
2024-05-22 05:00:00+00:00,69852.0703125
2024-05-22 06:00:00+00:00,69824.2734375
2024-05-22 07:00:00+00:00,69747.2890625
2024-05-22 08:00:00+00:00,70013.8203125
2024-05-22 09:00:00+00:00,69995.15625
2024-05-22 10:00:00+00:00,70190.7890625
2024-05-22 11:00:00+00:00,69849.375
2024-05-22 12:00:00+00:00,69626.359375
2024-05-22 13:00:00+00:00,69450.75
2024-05-22 14:00:00+00:00,70118.2421875
2024-05-22 15:00:00+00:00,70434.546875
2024-05-22 16:00:00+00:00,70245.1484375
2024-05-22 17:00:00+00:00,69812.765625
2024-05-22 18:00:00+00:00,69579.6328125
2024-05-22 19:00:00+00:00,69718.234375
2024-05-22 20:00:00+00:00,69425.421875
2024-05-22 21:00:00+00:00,69457.15625
2024-05-22 22:00:00+00:00,69101.1953125
2024-05-22 23:00:00+00:00,69144.1953125
2024-05-23 00:00:00+00:00,69473.9765625
2024-05-23 01:00:00+00:00,69471.125
2024-05-23 02:00:00+00:00,69437.3984375
2024-05-23 03:00:00+00:00,69390.09375
2024-05-23 04:00:00+00:00,69516.4296875
2024-05-23 05:00:00+00:00,69380.9765625
2024-05-23 06:00:00+00:00,69566.375
2024-05-23 07:00:00+00:00,69731.5390625
2024-05-23 08:00:00+00:00,69617.5859375
2024-05-23 09:00:00+00:00,69633.7265625
2024-05-23 10:00:00+00:00,69524.8515625
2024-05-23 11:00:00+00:00,69978.6328125
2024-05-23 12:00:00+00:00,69271.0390625
2024-05-23 13:00:00+00:00,68118.6484375
2024-05-23 14:00:00+00:00,67674.4765625
2024-05-23 15:00:00+00:00,68048.7421875
2024-05-23 16:00:00+00:00,67807.1328125
2024-05-23 17:00:00+00:00,67623.7109375
2024-05-23 18:00:00+00:00,67341.9375
2024-05-23 19:00:00+00:00,67128.03125
2024-05-23 20:00:00+00:00,67804.046875
2024-05-23 21:00:00+00:00,67974.71875
2024-05-23 22:00:00+00:00,67626.5625
2024-05-23 23:00:00+00:00,67945.65625
2024-05-24 00:00:00+00:00,67851.3046875
2024-05-24 01:00:00+00:00,67742.8125
2024-05-24 02:00:00+00:00,67946.390625
2024-05-24 03:00:00+00:00,67831.1171875
2024-05-24 04:00:00+00:00,67659.3125
2024-05-24 05:00:00+00:00,67241.015625
2024-05-24 06:00:00+00:00,66936.2265625
2024-05-24 07:00:00+00:00,67138.0625
2024-05-24 08:00:00+00:00,67167.984375
2024-05-24 09:00:00+00:00,67360.53125
2024-05-24 10:00:00+00:00,67336.1875
2024-05-24 11:00:00+00:00,67320.5546875
2024-05-24 12:00:00+00:00,67495.609375
2024-05-24 13:00:00+00:00,67065.15625
2024-05-24 14:00:00+00:00,67831.6640625
2024-05-24 15:00:00+00:00,68279.0078125
2024-05-24 16:00:00+00:00,68343.4296875
2024-05-24 17:00:00+00:00,68853.4140625
2024-05-24 18:00:00+00:00,68964.8046875
2024-05-24 19:00:00+00:00,69073.0859375
2024-05-24 20:00:00+00:00,68916.78125
2024-05-24 21:00:00+00:00,68870.078125
2024-05-24 22:00:00+00:00,68781.9609375
2024-05-24 23:00:00+00:00,68529.71875
2024-05-25 00:00:00+00:00,68516.578125
2024-05-25 01:00:00+00:00,68623.6640625
2024-05-25 02:00:00+00:00,68797.4296875
2024-05-25 03:00:00+00:00,68739.9921875
2024-05-25 04:00:00+00:00,68763.1796875
2024-05-25 05:00:00+00:00,68706.1953125
2024-05-25 06:00:00+00:00,68625.09375
2024-05-25 07:00:00+00:00,68734.328125
2024-05-25 08:00:00+00:00,68874.6640625
2024-05-25 09:00:00+00:00,69067.7109375
2024-05-25 10:00:00+00:00,69371.890625
2024-05-25 11:00:00+00:00,69123.03125
2024-05-25 12:00:00+00:00,69122.828125
2024-05-25 13:00:00+00:00,69020.65625
2024-05-25 14:00:00+00:00,69033.3203125
2024-05-25 15:00:00+00:00,68916.7578125
2024-05-25 16:00:00+00:00,68943.8515625
2024-05-25 17:00:00+00:00,69066.328125
2024-05-25 18:00:00+00:00,69194.078125
2024-05-25 19:00:00+00:00,69155.3828125
2024-05-25 20:00:00+00:00,69113.15625
2024-05-25 21:00:00+00:00,69135.34375
2024-05-25 22:00:00+00:00,69115.5625
2024-05-25 23:00:00+00:00,69273.1484375
2024-05-26 00:00:00+00:00,69158.0
2024-05-26 01:00:00+00:00,69167.7109375
2024-05-26 02:00:00+00:00,68913.6953125
2024-05-26 03:00:00+00:00,69046.8203125
2024-05-26 04:00:00+00:00,68960.625
2024-05-26 05:00:00+00:00,69104.8125
2024-05-26 06:00:00+00:00,69081.2734375
2024-05-26 07:00:00+00:00,69300.953125
2024-05-26 08:00:00+00:00,69125.265625
2024-05-26 09:00:00+00:00,69054.5390625
2024-05-26 10:00:00+00:00,69183.5234375
2024-05-26 11:00:00+00:00,69118.6015625
2024-05-26 12:00:00+00:00,68974.6171875
2024-05-26 13:00:00+00:00,69053.046875
2024-05-26 14:00:00+00:00,69236.1640625
2024-05-26 15:00:00+00:00,68799.09375
2024-05-26 16:00:00+00:00,68789.2265625
2024-05-26 17:00:00+00:00,68728.6171875
2024-05-26 18:00:00+00:00,68775.7890625
2024-05-26 19:00:00+00:00,68846.6015625
2024-05-26 20:00:00+00:00,68683.0546875
2024-05-26 21:00:00+00:00,68441.015625
2024-05-26 22:00:00+00:00,68564.9296875
2024-05-26 23:00:00+00:00,68518.4765625
2024-05-27 00:00:00+00:00,68737.8671875
2024-05-27 01:00:00+00:00,69069.84375
2024-05-27 02:00:00+00:00,69069.390625
2024-05-27 03:00:00+00:00,68820.9609375
2024-05-27 04:00:00+00:00,68779.71875
2024-05-27 05:00:00+00:00,68498.3828125
2024-05-27 06:00:00+00:00,68369.1875
2024-05-27 07:00:00+00:00,68611.0703125
2024-05-27 08:00:00+00:00,68606.7421875
2024-05-27 09:00:00+00:00,68571.5546875
2024-05-27 10:00:00+00:00,68539.0859375
2024-05-27 11:00:00+00:00,68401.3515625
2024-05-27 12:00:00+00:00,68586.2265625
2024-05-27 13:00:00+00:00,68883.0078125
2024-05-27 14:00:00+00:00,69406.625
2024-05-27 15:00:00+00:00,70287.7421875
2024-05-27 16:00:00+00:00,70098.5234375
2024-05-27 17:00:00+00:00,70137.390625
2024-05-27 18:00:00+00:00,69878.2578125
2024-05-27 19:00:00+00:00,69266.109375
2024-05-27 20:00:00+00:00,69590.59375
2024-05-27 21:00:00+00:00,69768.046875
2024-05-27 22:00:00+00:00,69512.9453125
2024-05-27 23:00:00+00:00,69392.78125
2024-05-28 00:00:00+00:00,69279.3671875
2024-05-28 01:00:00+00:00,68548.7109375
2024-05-28 02:00:00+00:00,68680.953125
2024-05-28 03:00:00+00:00,68034.9453125
2024-05-28 04:00:00+00:00,67755.5859375
2024-05-28 05:00:00+00:00,67962.6875
2024-05-28 06:00:00+00:00,67876.875
2024-05-28 07:00:00+00:00,67651.53125
2024-05-28 08:00:00+00:00,68068.5234375
2024-05-28 09:00:00+00:00,68308.8125
2024-05-28 10:00:00+00:00,68545.5703125
2024-05-28 11:00:00+00:00,68293.6875
2024-05-28 12:00:00+00:00,68208.953125
2024-05-28 13:00:00+00:00,67685.765625
2024-05-28 14:00:00+00:00,67920.109375
2024-05-28 15:00:00+00:00,68316.984375
2024-05-28 16:00:00+00:00,67677.7109375
2024-05-28 17:00:00+00:00,67695.7578125
2024-05-28 18:00:00+00:00,67756.28125
2024-05-28 19:00:00+00:00,68398.1171875
2024-05-28 20:00:00+00:00,68216.8359375
2024-05-28 21:00:00+00:00,68331.6015625
2024-05-28 22:00:00+00:00,68564.3046875
2024-05-28 23:00:00+00:00,68284.65625
2024-05-29 00:00:00+00:00,68399.984375
2024-05-29 01:00:00+00:00,68493.8515625
2024-05-29 02:00:00+00:00,68627.765625
2024-05-29 03:00:00+00:00,68707.5859375
2024-05-29 04:00:00+00:00,68771.1171875
2024-05-29 05:00:00+00:00,68541.8671875
2024-05-29 06:00:00+00:00,68462.5
2024-05-29 07:00:00+00:00,67928.0859375
2024-05-29 08:00:00+00:00,67781.984375
2024-05-29 09:00:00+00:00,67859.3203125
2024-05-29 10:00:00+00:00,67916.8671875
2024-05-29 11:00:00+00:00,67676.140625
2024-05-29 12:00:00+00:00,67828.3671875
2024-05-29 13:00:00+00:00,67780.6328125
2024-05-29 14:00:00+00:00,67588.09375
2024-05-29 15:00:00+00:00,67310.6171875
2024-05-29 16:00:00+00:00,67540.4296875
2024-05-29 17:00:00+00:00,67568.7890625
2024-05-29 18:00:00+00:00,67321.3203125
2024-05-29 19:00:00+00:00,67286.78125
2024-05-29 20:00:00+00:00,67417.90625
2024-05-29 21:00:00+00:00,67629.2578125
2024-05-29 22:00:00+00:00,67617.4453125
2024-05-29 23:00:00+00:00,67574.7421875
2024-05-30 00:00:00+00:00,67516.1796875
2024-05-30 01:00:00+00:00,67705.296875
2024-05-30 02:00:00+00:00,67887.9765625
2024-05-30 03:00:00+00:00,68031.5
2024-05-30 04:00:00+00:00,68094.046875
2024-05-30 05:00:00+00:00,68072.796875
2024-05-30 06:00:00+00:00,67776.2109375
2024-05-30 07:00:00+00:00,67598.234375
2024-05-30 08:00:00+00:00,67692.0078125
2024-05-30 09:00:00+00:00,67701.4375
2024-05-30 10:00:00+00:00,67918.3359375
2024-05-30 11:00:00+00:00,67773.9453125
2024-05-30 12:00:00+00:00,68101.4140625
2024-05-30 13:00:00+00:00,68622.453125
2024-05-30 14:00:00+00:00,68346.2734375
2024-05-30 15:00:00+00:00,68515.515625
2024-05-30 16:00:00+00:00,68643.75
2024-05-30 17:00:00+00:00,69430.015625
2024-05-30 18:00:00+00:00,69351.4296875
2024-05-30 19:00:00+00:00,68504.6953125
2024-05-30 20:00:00+00:00,68433.3515625
2024-05-30 21:00:00+00:00,68403.2890625
2024-05-30 22:00:00+00:00,68297.8671875
2024-05-30 23:00:00+00:00,68378.3203125
2024-05-31 00:00:00+00:00,68436.5546875
2024-05-31 01:00:00+00:00,68405.9921875
2024-05-31 02:00:00+00:00,68500.640625
2024-05-31 03:00:00+00:00,68518.4609375
2024-05-31 04:00:00+00:00,68494.9296875
2024-05-31 05:00:00+00:00,68434.9140625
2024-05-31 06:00:00+00:00,68236.0625
2024-05-31 07:00:00+00:00,68156.125
2024-05-31 08:00:00+00:00,68158.1640625
2024-05-31 09:00:00+00:00,67895.921875
2024-05-31 10:00:00+00:00,68241.125
2024-05-31 11:00:00+00:00,68342.515625
2024-05-31 12:00:00+00:00,68609.4375
2024-05-31 13:00:00+00:00,68035.109375
2024-05-31 14:00:00+00:00,67427.5078125
2024-05-31 15:00:00+00:00,67202.5546875
2024-05-31 16:00:00+00:00,67124.234375
2024-05-31 17:00:00+00:00,67280.1328125
2024-05-31 18:00:00+00:00,67345.421875
2024-05-31 19:00:00+00:00,67738.0859375
2024-05-31 20:00:00+00:00,67629.0859375
2024-05-31 21:00:00+00:00,67531.75
2024-05-31 22:00:00+00:00,67528.5234375
2024-05-31 23:00:00+00:00,67488.3203125
2024-06-01 00:00:00+00:00,67579.7890625
2024-06-01 01:00:00+00:00,67488.0546875
2024-06-01 02:00:00+00:00,67659.203125
2024-06-01 03:00:00+00:00,67666.953125
2024-06-01 04:00:00+00:00,67646.4375
2024-06-01 05:00:00+00:00,67640.8203125
2024-06-01 06:00:00+00:00,67640.765625
2024-06-01 07:00:00+00:00,67585.4296875
2024-06-01 08:00:00+00:00,67669.2109375
2024-06-01 09:00:00+00:00,67653.0859375
2024-06-01 10:00:00+00:00,67601.4765625
2024-06-01 11:00:00+00:00,67615.84375
2024-06-01 12:00:00+00:00,67700.2890625
2024-06-01 13:00:00+00:00,67689.0703125
2024-06-01 14:00:00+00:00,67743.75
2024-06-01 15:00:00+00:00,67655.9453125
2024-06-01 16:00:00+00:00,67646.5546875
2024-06-01 17:00:00+00:00,67745.4375
2024-06-01 18:00:00+00:00,67701.7109375
2024-06-01 19:00:00+00:00,67708.8359375
2024-06-01 20:00:00+00:00,67734.0625
2024-06-01 21:00:00+00:00,67730.2578125
2024-06-01 22:00:00+00:00,67729.9921875
2024-06-01 23:00:00+00:00,67708.1171875
2024-06-02 00:00:00+00:00,67808.4765625
2024-06-02 01:00:00+00:00,67688.5390625
2024-06-02 02:00:00+00:00,67659.5078125
2024-06-02 03:00:00+00:00,67727.8125
2024-06-02 04:00:00+00:00,67790.8125
2024-06-02 05:00:00+00:00,67732.3828125
2024-06-02 06:00:00+00:00,67778.4921875
2024-06-02 07:00:00+00:00,67709.6484375
2024-06-02 08:00:00+00:00,67719.6484375
2024-06-02 09:00:00+00:00,67455.859375
2024-06-02 10:00:00+00:00,67479.2109375
2024-06-02 11:00:00+00:00,68166.546875
2024-06-02 12:00:00+00:00,67879.1171875
2024-06-02 13:00:00+00:00,68118.265625
2024-06-02 14:00:00+00:00,68170.4140625
2024-06-02 15:00:00+00:00,68096.9140625
2024-06-02 16:00:00+00:00,68047.640625
2024-06-02 17:00:00+00:00,67866.734375
2024-06-02 18:00:00+00:00,67653.875
2024-06-02 19:00:00+00:00,67731.6484375
2024-06-02 20:00:00+00:00,67783.9140625
2024-06-02 21:00:00+00:00,67788.0703125
2024-06-02 22:00:00+00:00,67882.0390625
2024-06-02 23:00:00+00:00,67757.21875
2024-06-03 00:00:00+00:00,67768.1640625
2024-06-03 01:00:00+00:00,68396.796875
2024-06-03 02:00:00+00:00,68401.9453125
2024-06-03 03:00:00+00:00,68362.671875
2024-06-03 04:00:00+00:00,68504.8828125
2024-06-03 05:00:00+00:00,68648.421875
2024-06-03 06:00:00+00:00,69000.609375
2024-06-03 07:00:00+00:00,68843.90625
2024-06-03 08:00:00+00:00,69149.4453125
2024-06-03 09:00:00+00:00,69034.8125
2024-06-03 10:00:00+00:00,68905.09375
2024-06-03 11:00:00+00:00,69081.2109375
2024-06-03 12:00:00+00:00,69671.7421875
2024-06-03 13:00:00+00:00,69828.109375
2024-06-03 14:00:00+00:00,68688.6484375
2024-06-03 15:00:00+00:00,69557.921875
2024-06-03 16:00:00+00:00,69032.7265625
2024-06-03 17:00:00+00:00,69245.03125
2024-06-03 18:00:00+00:00,69262.5625
2024-06-03 19:00:00+00:00,69084.828125
2024-06-03 20:00:00+00:00,69114.015625
2024-06-03 21:00:00+00:00,69061.75
2024-06-03 22:00:00+00:00,69034.4296875
2024-06-03 23:00:00+00:00,68803.3125
2024-06-04 00:00:00+00:00,69015.375
2024-06-04 01:00:00+00:00,69156.984375
2024-06-04 02:00:00+00:00,69093.9921875
2024-06-04 03:00:00+00:00,69163.0078125
2024-06-04 04:00:00+00:00,69048.484375
2024-06-04 05:00:00+00:00,68903.5078125
2024-06-04 06:00:00+00:00,68918.375
2024-06-04 07:00:00+00:00,68988.6484375
2024-06-04 08:00:00+00:00,68828.890625
2024-06-04 09:00:00+00:00,68668.9921875
2024-06-04 10:00:00+00:00,68880.265625
2024-06-04 11:00:00+00:00,68938.640625
2024-06-04 12:00:00+00:00,68897.3359375
2024-06-04 13:00:00+00:00,69649.9375
2024-06-04 14:00:00+00:00,69650.234375
2024-06-04 15:00:00+00:00,70428.234375
2024-06-04 16:00:00+00:00,70782.0703125
2024-06-04 17:00:00+00:00,70559.4453125
2024-06-04 18:00:00+00:00,70760.171875
2024-06-04 19:00:00+00:00,70427.25
2024-06-04 20:00:00+00:00,70453.1640625
2024-06-04 21:00:00+00:00,70622.859375
2024-06-04 22:00:00+00:00,70572.7734375
2024-06-04 23:00:00+00:00,70584.0703125
2024-06-05 00:00:00+00:00,70786.1640625
2024-06-05 01:00:00+00:00,71030.890625
2024-06-05 02:00:00+00:00,70855.875
2024-06-05 03:00:00+00:00,70956.3046875
2024-06-05 04:00:00+00:00,71191.3125
2024-06-05 05:00:00+00:00,71005.7109375
2024-06-05 06:00:00+00:00,71082.609375
2024-06-05 07:00:00+00:00,71206.0625
2024-06-05 08:00:00+00:00,70892.6796875
2024-06-05 09:00:00+00:00,70858.5
2024-06-05 10:00:00+00:00,70820.9921875
2024-06-05 11:00:00+00:00,70963.1953125
2024-06-05 12:00:00+00:00,70963.765625
2024-06-05 13:00:00+00:00,70765.9765625
2024-06-05 14:00:00+00:00,70934.140625
2024-06-05 15:00:00+00:00,71622.203125
2024-06-05 16:00:00+00:00,71341.0703125
2024-06-05 17:00:00+00:00,71639.0546875
2024-06-05 18:00:00+00:00,71122.859375
2024-06-05 19:00:00+00:00,71339.0078125
2024-06-05 20:00:00+00:00,71238.0078125
2024-06-05 21:00:00+00:00,71123.625
2024-06-05 22:00:00+00:00,71168.9609375
2024-06-05 23:00:00+00:00,71114.4609375
2024-06-06 00:00:00+00:00,70992.5
2024-06-06 01:00:00+00:00,71153.9140625
2024-06-06 02:00:00+00:00,71178.1796875
2024-06-06 03:00:00+00:00,71054.375
2024-06-06 04:00:00+00:00,71084.640625
2024-06-06 05:00:00+00:00,70907.8125
2024-06-06 06:00:00+00:00,70855.9375
2024-06-06 07:00:00+00:00,71012.1484375
2024-06-06 08:00:00+00:00,70929.9609375
2024-06-06 09:00:00+00:00,70979.1640625
2024-06-06 10:00:00+00:00,70982.3515625
2024-06-06 11:00:00+00:00,71141.4140625
2024-06-06 12:00:00+00:00,71138.5078125
2024-06-06 13:00:00+00:00,71258.5
2024-06-06 14:00:00+00:00,71452.5546875
2024-06-06 15:00:00+00:00,71264.640625
2024-06-06 16:00:00+00:00,70970.390625
2024-06-06 17:00:00+00:00,71075.2421875
2024-06-06 18:00:00+00:00,71067.7734375
2024-06-06 19:00:00+00:00,70462.375
2024-06-06 20:00:00+00:00,70700.78125
2024-06-06 21:00:00+00:00,70720.15625
2024-06-06 22:00:00+00:00,70864.21875
2024-06-06 23:00:00+00:00,70776.75
2024-06-07 00:00:00+00:00,70845.8359375
2024-06-07 01:00:00+00:00,70833.5546875
2024-06-07 02:00:00+00:00,70805.1171875
2024-06-07 03:00:00+00:00,70971.3671875
2024-06-07 04:00:00+00:00,71227.765625
2024-06-07 05:00:00+00:00,71289.484375
2024-06-07 06:00:00+00:00,71235.7265625
2024-06-07 07:00:00+00:00,71091.015625
2024-06-07 08:00:00+00:00,71055.6171875
2024-06-07 09:00:00+00:00,71240.8125
2024-06-07 10:00:00+00:00,71336.8359375
2024-06-07 11:00:00+00:00,71627.796875
2024-06-07 12:00:00+00:00,71152.890625
2024-06-07 13:00:00+00:00,71456.8203125
2024-06-07 14:00:00+00:00,71353.0390625
2024-06-07 15:00:00+00:00,71063.2890625
2024-06-07 16:00:00+00:00,70774.9140625
2024-06-07 17:00:00+00:00,69805.0859375
2024-06-07 18:00:00+00:00,69095.9765625
2024-06-07 19:00:00+00:00,69229.375
2024-06-07 20:00:00+00:00,69242.6875
2024-06-07 21:00:00+00:00,69232.8359375
2024-06-07 22:00:00+00:00,69455.3984375
2024-06-07 23:00:00+00:00,69347.9296875
2024-06-08 00:00:00+00:00,69377.84375
2024-06-08 01:00:00+00:00,69430.7109375
2024-06-08 02:00:00+00:00,69389.890625
2024-06-08 03:00:00+00:00,69413.6796875
2024-06-08 04:00:00+00:00,69301.921875
2024-06-08 05:00:00+00:00,69279.671875
2024-06-08 06:00:00+00:00,69302.0078125
2024-06-08 07:00:00+00:00,69507.140625
2024-06-08 08:00:00+00:00,69398.84375
2024-06-08 09:00:00+00:00,69419.2109375
2024-06-08 10:00:00+00:00,69429.4296875
2024-06-08 11:00:00+00:00,69364.8515625
2024-06-08 12:00:00+00:00,69321.609375
2024-06-08 13:00:00+00:00,69377.953125
2024-06-08 14:00:00+00:00,69425.6875
2024-06-08 15:00:00+00:00,69420.1171875
2024-06-08 16:00:00+00:00,69384.140625
2024-06-08 17:00:00+00:00,69437.2265625
2024-06-08 18:00:00+00:00,69447.1796875
2024-06-08 19:00:00+00:00,69460.453125
2024-06-08 20:00:00+00:00,69360.1953125
2024-06-08 21:00:00+00:00,69415.3125
2024-06-08 22:00:00+00:00,69331.4921875
2024-06-08 23:00:00+00:00,69303.7421875
2024-06-09 00:00:00+00:00,69262.515625
2024-06-09 01:00:00+00:00,69271.046875
2024-06-09 02:00:00+00:00,69188.875
2024-06-09 03:00:00+00:00,69258.6796875
2024-06-09 04:00:00+00:00,69299.71875
2024-06-09 05:00:00+00:00,69303.28125
2024-06-09 06:00:00+00:00,69378.8359375
2024-06-09 07:00:00+00:00,69291.3515625
2024-06-09 08:00:00+00:00,69344.75
2024-06-09 09:00:00+00:00,69358.6953125
2024-06-09 10:00:00+00:00,69342.4453125
2024-06-09 11:00:00+00:00,69358.0234375
2024-06-09 12:00:00+00:00,69699.328125
2024-06-09 13:00:00+00:00,69456.515625
2024-06-09 14:00:00+00:00,69480.9609375
2024-06-09 15:00:00+00:00,69538.890625
2024-06-09 16:00:00+00:00,69606.8984375
2024-06-09 17:00:00+00:00,69648.703125
2024-06-09 18:00:00+00:00,69718.75
2024-06-09 19:00:00+00:00,69712.5703125
2024-06-09 20:00:00+00:00,69681.5703125
2024-06-09 21:00:00+00:00,69726.0234375
2024-06-09 22:00:00+00:00,69611.546875
2024-06-09 23:00:00+00:00,69643.7734375
2024-06-10 00:00:00+00:00,69503.5859375
2024-06-10 01:00:00+00:00,69622.4921875
2024-06-10 02:00:00+00:00,69706.5859375
2024-06-10 03:00:00+00:00,69595.75
2024-06-10 04:00:00+00:00,69647.78125
2024-06-10 05:00:00+00:00,69527.2734375
2024-06-10 06:00:00+00:00,69416.1796875
2024-06-10 07:00:00+00:00,69295.65625
2024-06-10 08:00:00+00:00,69412.78125
2024-06-10 09:00:00+00:00,69412.1875
2024-06-10 10:00:00+00:00,69410.875
2024-06-10 11:00:00+00:00,69458.515625
2024-06-10 12:00:00+00:00,69346.640625
2024-06-10 13:00:00+00:00,69386.8046875
2024-06-10 14:00:00+00:00,69612.1484375
2024-06-10 15:00:00+00:00,70054.5390625
2024-06-10 16:00:00+00:00,69973.75
2024-06-10 17:00:00+00:00,69988.2734375
2024-06-10 18:00:00+00:00,69844.7890625
2024-06-10 19:00:00+00:00,69400.390625
2024-06-10 20:00:00+00:00,69643.9140625
2024-06-10 21:00:00+00:00,69560.96875
2024-06-10 22:00:00+00:00,69441.296875
2024-06-10 23:00:00+00:00,69517.796875
2024-06-11 00:00:00+00:00,69388.9453125
2024-06-11 01:00:00+00:00,68481.59375
2024-06-11 02:00:00+00:00,68217.640625
2024-06-11 03:00:00+00:00,68417.4453125
2024-06-11 04:00:00+00:00,68016.15625
2024-06-11 05:00:00+00:00,67840.1875
2024-06-11 06:00:00+00:00,67619.1484375
2024-06-11 07:00:00+00:00,67531.5625
2024-06-11 08:00:00+00:00,67497.359375
2024-06-11 09:00:00+00:00,67098.140625
2024-06-11 10:00:00+00:00,66886.6875
2024-06-11 11:00:00+00:00,66818.703125
2024-06-11 12:00:00+00:00,66993.7578125
2024-06-11 13:00:00+00:00,66705.875
2024-06-11 14:00:00+00:00,66867.71875
2024-06-11 15:00:00+00:00,66246.6015625
2024-06-11 16:00:00+00:00,66435.8125
2024-06-11 17:00:00+00:00,66750.6875
2024-06-11 18:00:00+00:00,67079.1015625
2024-06-11 19:00:00+00:00,67486.09375
2024-06-11 20:00:00+00:00,67233.9609375
2024-06-11 21:00:00+00:00,67380.09375
2024-06-11 22:00:00+00:00,67356.109375
2024-06-11 23:00:00+00:00,67347.59375
2024-06-12 00:00:00+00:00,67195.71875
2024-06-12 01:00:00+00:00,67082.2421875
2024-06-12 02:00:00+00:00,67405.3046875
2024-06-12 03:00:00+00:00,67396.0703125
2024-06-12 04:00:00+00:00,67443.453125
2024-06-12 05:00:00+00:00,67240.296875
2024-06-12 06:00:00+00:00,67287.171875
2024-06-12 07:00:00+00:00,67447.765625
2024-06-12 08:00:00+00:00,67385.5078125
2024-06-12 09:00:00+00:00,67756.9453125
2024-06-12 10:00:00+00:00,68000.65625
2024-06-12 11:00:00+00:00,67751.953125
2024-06-12 12:00:00+00:00,69384.7421875
2024-06-12 13:00:00+00:00,69344.8203125
2024-06-12 14:00:00+00:00,69928.65625
2024-06-12 15:00:00+00:00,69726.5859375
2024-06-12 16:00:00+00:00,69626.6484375
2024-06-12 17:00:00+00:00,69799.953125
2024-06-12 18:00:00+00:00,68794.1953125
2024-06-12 19:00:00+00:00,67500.0390625
2024-06-12 20:00:00+00:00,68085.8828125
2024-06-12 21:00:00+00:00,68527.8671875
2024-06-12 22:00:00+00:00,68317.75
2024-06-12 23:00:00+00:00,68228.5859375
2024-06-13 00:00:00+00:00,68319.2890625
2024-06-13 01:00:00+00:00,68014.2890625
2024-06-13 02:00:00+00:00,67729.8828125
2024-06-13 03:00:00+00:00,67414.734375
2024-06-13 04:00:00+00:00,67362.9375
2024-06-13 05:00:00+00:00,67586.046875
2024-06-13 06:00:00+00:00,67518.8125
2024-06-13 07:00:00+00:00,67691.65625
2024-06-13 08:00:00+00:00,67561.0390625
2024-06-13 09:00:00+00:00,67414.4296875
2024-06-13 10:00:00+00:00,67817.921875
2024-06-13 11:00:00+00:00,67706.984375
2024-06-13 12:00:00+00:00,67695.1875
2024-06-13 13:00:00+00:00,67555.34375
2024-06-13 14:00:00+00:00,67367.4453125
2024-06-13 15:00:00+00:00,66391.078125
2024-06-13 16:00:00+00:00,66965.8046875
2024-06-13 17:00:00+00:00,66887.484375
2024-06-13 18:00:00+00:00,66862.59375
2024-06-13 19:00:00+00:00,66687.46875
2024-06-13 20:00:00+00:00,66647.09375
2024-06-13 21:00:00+00:00,66916.734375
2024-06-13 22:00:00+00:00,66857.8515625
2024-06-13 23:00:00+00:00,66751.0546875
2024-06-14 00:00:00+00:00,66686.6875
2024-06-14 01:00:00+00:00,66758.8671875
2024-06-14 02:00:00+00:00,66972.8359375
2024-06-14 03:00:00+00:00,66697.5625
2024-06-14 04:00:00+00:00,66692.78125
2024-06-14 05:00:00+00:00,67033.5859375
2024-06-14 06:00:00+00:00,66937.296875
2024-06-14 07:00:00+00:00,66911.6953125
2024-06-14 08:00:00+00:00,67118.3203125
2024-06-14 09:00:00+00:00,66888.3515625
2024-06-14 10:00:00+00:00,66836.8515625
2024-06-14 11:00:00+00:00,66979.0703125
2024-06-14 12:00:00+00:00,67043.71875
2024-06-14 13:00:00+00:00,67104.234375
2024-06-14 14:00:00+00:00,66946.1484375
2024-06-14 15:00:00+00:00,66339.578125
2024-06-14 16:00:00+00:00,65236.2421875
2024-06-14 17:00:00+00:00,65359.04296875
2024-06-14 18:00:00+00:00,65476.671875
2024-06-14 19:00:00+00:00,65513.09375
2024-06-14 20:00:00+00:00,65717.9921875
2024-06-14 21:00:00+00:00,66195.8125
2024-06-14 22:00:00+00:00,65979.484375
2024-06-14 23:00:00+00:00,66010.328125
2024-06-15 00:00:00+00:00,66186.234375
2024-06-15 01:00:00+00:00,66053.515625
2024-06-15 02:00:00+00:00,66177.6953125
2024-06-15 03:00:00+00:00,66211.7734375
2024-06-15 04:00:00+00:00,66217.28125
2024-06-15 05:00:00+00:00,66199.984375
2024-06-15 06:00:00+00:00,66138.9921875
2024-06-15 07:00:00+00:00,66027.9296875
2024-06-15 08:00:00+00:00,66167.4609375
2024-06-15 09:00:00+00:00,66167.0703125
2024-06-15 10:00:00+00:00,66264.1953125
2024-06-15 11:00:00+00:00,66280.4453125
2024-06-15 12:00:00+00:00,66278.203125
2024-06-15 13:00:00+00:00,66233.875
2024-06-15 14:00:00+00:00,66186.8984375
2024-06-15 15:00:00+00:00,66270.0390625
2024-06-15 16:00:00+00:00,66161.28125
2024-06-15 17:00:00+00:00,66225.390625
2024-06-15 18:00:00+00:00,66121.6953125
2024-06-15 19:00:00+00:00,66120.8828125
2024-06-15 20:00:00+00:00,66015.8515625
2024-06-15 21:00:00+00:00,66097.765625
2024-06-15 22:00:00+00:00,66161.4453125
2024-06-15 23:00:00+00:00,66188.1875
2024-06-16 00:00:00+00:00,66134.078125
2024-06-16 01:00:00+00:00,66121.6484375
2024-06-16 02:00:00+00:00,66093.9921875
2024-06-16 03:00:00+00:00,66103.5703125
2024-06-16 04:00:00+00:00,66132.21875
2024-06-16 05:00:00+00:00,66222.2265625
2024-06-16 06:00:00+00:00,66269.6484375
2024-06-16 07:00:00+00:00,66228.0703125
2024-06-16 08:00:00+00:00,66233.46875
2024-06-16 09:00:00+00:00,66342.40625
2024-06-16 10:00:00+00:00,66640.921875
2024-06-16 11:00:00+00:00,66442.4765625
2024-06-16 12:00:00+00:00,66541.28125
2024-06-16 13:00:00+00:00,66693.6015625
2024-06-16 14:00:00+00:00,66504.03125
2024-06-16 15:00:00+00:00,66650.28125
2024-06-16 16:00:00+00:00,66551.1640625
2024-06-16 17:00:00+00:00,66546.3125
2024-06-16 18:00:00+00:00,66548.53125
2024-06-16 19:00:00+00:00,66505.4765625
2024-06-16 20:00:00+00:00,66461.8671875
2024-06-16 21:00:00+00:00,66478.2890625
2024-06-16 22:00:00+00:00,66705.8125
2024-06-16 23:00:00+00:00,66625.3828125
2024-06-17 00:00:00+00:00,66524.25
2024-06-17 01:00:00+00:00,66433.1015625
2024-06-17 02:00:00+00:00,66309.6953125
2024-06-17 03:00:00+00:00,66210.671875
2024-06-17 04:00:00+00:00,66394.9140625
2024-06-17 05:00:00+00:00,66304.75
2024-06-17 06:00:00+00:00,66086.1484375
2024-06-17 07:00:00+00:00,66158.4453125
2024-06-17 08:00:00+00:00,66160.4921875
2024-06-17 09:00:00+00:00,65692.1640625
2024-06-17 10:00:00+00:00,65805.0078125
2024-06-17 11:00:00+00:00,65780.0078125
2024-06-17 12:00:00+00:00,65539.6328125
2024-06-17 13:00:00+00:00,65231.2265625
2024-06-17 14:00:00+00:00,65364.19140625
2024-06-17 15:00:00+00:00,65302.8203125
2024-06-17 16:00:00+00:00,65826.0390625
2024-06-17 17:00:00+00:00,66475.6328125
2024-06-17 18:00:00+00:00,67022.5234375
2024-06-17 19:00:00+00:00,66610.546875
2024-06-17 20:00:00+00:00,66419.2265625
2024-06-17 21:00:00+00:00,66547.8359375
2024-06-17 22:00:00+00:00,66650.2265625
2024-06-17 23:00:00+00:00,66524.96875
2024-06-18 00:00:00+00:00,65723.0390625
2024-06-18 01:00:00+00:00,65079.96484375
2024-06-18 02:00:00+00:00,65462.22265625
2024-06-18 03:00:00+00:00,65506.62890625
2024-06-18 04:00:00+00:00,65612.1875
2024-06-18 05:00:00+00:00,65573.65625
2024-06-18 06:00:00+00:00,65422.125
2024-06-18 07:00:00+00:00,65661.203125
2024-06-18 08:00:00+00:00,65730.7734375
2024-06-18 09:00:00+00:00,65502.40234375
2024-06-18 10:00:00+00:00,65432.87890625
2024-06-18 11:00:00+00:00,65368.92578125
2024-06-18 12:00:00+00:00,65181.0625
2024-06-18 13:00:00+00:00,64797.24609375
2024-06-18 14:00:00+00:00,64688.7578125
2024-06-18 15:00:00+00:00,64622.93359375
2024-06-18 16:00:00+00:00,64595.890625
2024-06-18 17:00:00+00:00,64599.48828125
2024-06-18 18:00:00+00:00,64664.97265625
2024-06-18 19:00:00+00:00,64511.13671875
2024-06-18 20:00:00+00:00,64920.8515625
2024-06-18 21:00:00+00:00,65213.12890625
2024-06-18 22:00:00+00:00,65230.31640625
2024-06-18 23:00:00+00:00,65164.90625
2024-06-19 00:00:00+00:00,65148.921875
2024-06-19 01:00:00+00:00,64993.0078125
2024-06-19 02:00:00+00:00,65342.69140625
2024-06-19 03:00:00+00:00,65439.8359375
2024-06-19 04:00:00+00:00,65435.52734375
2024-06-19 05:00:00+00:00,65448.51953125
2024-06-19 06:00:00+00:00,65566.65625
2024-06-19 07:00:00+00:00,65304.87109375
2024-06-19 08:00:00+00:00,65156.12890625
2024-06-19 09:00:00+00:00,65216.94140625
2024-06-19 10:00:00+00:00,65436.984375
2024-06-19 11:00:00+00:00,65200.44921875
2024-06-19 12:00:00+00:00,65173.1953125
2024-06-19 13:00:00+00:00,65053.859375
2024-06-19 14:00:00+00:00,64886.87890625
2024-06-19 15:00:00+00:00,64841.109375
2024-06-19 16:00:00+00:00,64921.79296875
2024-06-19 17:00:00+00:00,65046.90625
2024-06-19 18:00:00+00:00,64940.80859375
2024-06-19 19:00:00+00:00,64865.9375
2024-06-19 20:00:00+00:00,64839.48828125
2024-06-19 21:00:00+00:00,65021.86328125
2024-06-19 22:00:00+00:00,64831.16796875
2024-06-19 23:00:00+00:00,64951.1953125
2024-06-20 00:00:00+00:00,65046.95703125
2024-06-20 01:00:00+00:00,65124.625
2024-06-20 02:00:00+00:00,65155.921875
2024-06-20 03:00:00+00:00,65138.71484375
2024-06-20 04:00:00+00:00,65274.99609375
2024-06-20 05:00:00+00:00,65557.609375
2024-06-20 06:00:00+00:00,65417.24609375
2024-06-20 07:00:00+00:00,65809.078125
2024-06-20 08:00:00+00:00,65665.03125
2024-06-20 09:00:00+00:00,65686.8671875
2024-06-20 10:00:00+00:00,66095.5234375
2024-06-20 11:00:00+00:00,66131.28125
2024-06-20 12:00:00+00:00,65949.6328125
2024-06-20 13:00:00+00:00,65174.91796875
2024-06-20 14:00:00+00:00,64927.89453125
2024-06-20 15:00:00+00:00,64807.93359375
2024-06-20 16:00:00+00:00,64793.11328125
2024-06-20 17:00:00+00:00,64927.7109375
2024-06-20 18:00:00+00:00,65092.609375
2024-06-20 19:00:00+00:00,64928.515625
2024-06-20 20:00:00+00:00,65047.03515625
2024-06-20 21:00:00+00:00,65005.94140625
2024-06-20 22:00:00+00:00,64950.16015625
2024-06-20 23:00:00+00:00,64835.92578125
2024-06-21 00:00:00+00:00,64756.7890625
2024-06-21 01:00:00+00:00,64907.8984375
2024-06-21 02:00:00+00:00,64750.3671875
2024-06-21 03:00:00+00:00,64582.421875
2024-06-21 04:00:00+00:00,64613.2578125
2024-06-21 05:00:00+00:00,64622.41796875
2024-06-21 06:00:00+00:00,64585.64453125
2024-06-21 07:00:00+00:00,64187.97265625
2024-06-21 08:00:00+00:00,63642.78125
2024-06-21 09:00:00+00:00,64091.48046875
2024-06-21 10:00:00+00:00,63877.5
2024-06-21 11:00:00+00:00,63721.77734375
2024-06-21 12:00:00+00:00,63775.41796875
2024-06-21 13:00:00+00:00,63605.390625
2024-06-21 14:00:00+00:00,64144.953125
2024-06-21 15:00:00+00:00,63624.9453125
2024-06-21 16:00:00+00:00,63565.6875
2024-06-21 17:00:00+00:00,63633.53515625
2024-06-21 18:00:00+00:00,64107.53515625
2024-06-21 19:00:00+00:00,64149.23828125
2024-06-21 20:00:00+00:00,64118.7578125
2024-06-21 21:00:00+00:00,64024.15234375
2024-06-21 22:00:00+00:00,64129.1484375
2024-06-21 23:00:00+00:00,64076.80078125
2024-06-22 00:00:00+00:00,64027.62890625
2024-06-22 01:00:00+00:00,64143.44921875
2024-06-22 02:00:00+00:00,64281.015625
2024-06-22 03:00:00+00:00,64278.5625
2024-06-22 04:00:00+00:00,64320.49609375
2024-06-22 05:00:00+00:00,64400.6640625
2024-06-22 06:00:00+00:00,64382.5078125
2024-06-22 07:00:00+00:00,64468.8515625
2024-06-22 08:00:00+00:00,64267.92578125
2024-06-22 09:00:00+00:00,64294.64453125
2024-06-22 10:00:00+00:00,64278.203125
2024-06-22 11:00:00+00:00,64233.1796875
2024-06-22 12:00:00+00:00,64273.55859375
2024-06-22 13:00:00+00:00,64255.515625
2024-06-22 14:00:00+00:00,64255.0546875
2024-06-22 15:00:00+00:00,64275.62890625
2024-06-22 16:00:00+00:00,64291.70703125
2024-06-22 17:00:00+00:00,64268.34765625
2024-06-22 18:00:00+00:00,64277.140625
2024-06-22 19:00:00+00:00,64269.55078125
2024-06-22 20:00:00+00:00,64268.75390625
2024-06-22 21:00:00+00:00,64310.07421875
2024-06-22 22:00:00+00:00,64290.5625
2024-06-22 23:00:00+00:00,64259.33203125
2024-06-23 00:00:00+00:00,64444.95703125
2024-06-23 01:00:00+00:00,64458.25
2024-06-23 02:00:00+00:00,64443.6796875
2024-06-23 03:00:00+00:00,64411.28515625
2024-06-23 04:00:00+00:00,64356.375
2024-06-23 05:00:00+00:00,64354.359375
2024-06-23 06:00:00+00:00,64354.7578125
2024-06-23 07:00:00+00:00,64385.89453125
2024-06-23 08:00:00+00:00,64347.546875
2024-06-23 09:00:00+00:00,64377.95703125
2024-06-23 10:00:00+00:00,64274.68359375
2024-06-23 11:00:00+00:00,64293.76953125
2024-06-23 12:00:00+00:00,64326.74609375
2024-06-23 13:00:00+00:00,64251.91015625
2024-06-23 14:00:00+00:00,64159.92578125
2024-06-23 15:00:00+00:00,64060.29296875
2024-06-23 16:00:00+00:00,63909.734375
2024-06-23 17:00:00+00:00,64078.1640625
2024-06-23 18:00:00+00:00,64083.97265625
2024-06-23 19:00:00+00:00,64097.37109375
2024-06-23 20:00:00+00:00,63707.6875
2024-06-23 21:00:00+00:00,63764.7734375
2024-06-23 22:00:00+00:00,63618.94921875
2024-06-23 23:00:00+00:00,63208.92578125
2024-06-24 00:00:00+00:00,63009.3984375
2024-06-24 01:00:00+00:00,63292.52734375
2024-06-24 02:00:00+00:00,62876.859375
2024-06-24 03:00:00+00:00,62835.38671875
2024-06-24 04:00:00+00:00,62810.21484375
2024-06-24 05:00:00+00:00,62274.69140625
2024-06-24 06:00:00+00:00,62355.3046875
2024-06-24 07:00:00+00:00,62427.1796875
2024-06-24 08:00:00+00:00,62619.828125
2024-06-24 09:00:00+00:00,61354.390625
2024-06-24 10:00:00+00:00,61192.5234375
2024-06-24 11:00:00+00:00,61265.19921875
2024-06-24 12:00:00+00:00,61143.25
2024-06-24 13:00:00+00:00,61525.79296875
2024-06-24 14:00:00+00:00,61305.82421875
2024-06-24 15:00:00+00:00,60699.25
2024-06-24 16:00:00+00:00,60090.58984375
2024-06-24 17:00:00+00:00,60185.12890625
2024-06-24 18:00:00+00:00,60335.7265625
2024-06-24 19:00:00+00:00,59198.53515625
2024-06-24 20:00:00+00:00,59497.39453125
2024-06-24 21:00:00+00:00,60009.55859375
2024-06-24 22:00:00+00:00,60026.8515625
2024-06-24 23:00:00+00:00,60318.1796875
2024-06-25 00:00:00+00:00,60402.5859375
2024-06-25 01:00:00+00:00,60441.03125
2024-06-25 02:00:00+00:00,60635.8359375
2024-06-25 03:00:00+00:00,61272.23828125
2024-06-25 04:00:00+00:00,61337.76953125
2024-06-25 05:00:00+00:00,61029.98828125
2024-06-25 06:00:00+00:00,61106.8203125
2024-06-25 07:00:00+00:00,60626.96875
2024-06-25 08:00:00+00:00,60813.2109375
2024-06-25 09:00:00+00:00,61423.296875
2024-06-25 10:00:00+00:00,61322.65234375
2024-06-25 11:00:00+00:00,61190.671875
2024-06-25 12:00:00+00:00,60993.6640625
2024-06-25 13:00:00+00:00,61143.96484375
2024-06-25 14:00:00+00:00,61756.4453125
2024-06-25 15:00:00+00:00,61841.7421875
2024-06-25 16:00:00+00:00,61375.54296875
2024-06-25 17:00:00+00:00,61436.94921875
2024-06-25 18:00:00+00:00,62157.3671875
2024-06-25 19:00:00+00:00,62134.64453125
2024-06-25 20:00:00+00:00,61890.6328125
2024-06-25 21:00:00+00:00,61888.55078125
2024-06-25 22:00:00+00:00,61901.33984375
2024-06-25 23:00:00+00:00,61808.59375
2024-06-26 00:00:00+00:00,61757.73828125
2024-06-26 01:00:00+00:00,62073.4765625
2024-06-26 02:00:00+00:00,62030.765625
2024-06-26 03:00:00+00:00,61917.77734375
2024-06-26 04:00:00+00:00,61710.859375
2024-06-26 05:00:00+00:00,61609.17578125
2024-06-26 06:00:00+00:00,61574.20703125
2024-06-26 07:00:00+00:00,61697.0078125
2024-06-26 08:00:00+00:00,61478.2578125
2024-06-26 09:00:00+00:00,61358.5
2024-06-26 10:00:00+00:00,61258.65234375
2024-06-26 11:00:00+00:00,61409.796875
2024-06-26 12:00:00+00:00,61449.4296875
2024-06-26 13:00:00+00:00,61784.55078125
2024-06-26 14:00:00+00:00,61760.04296875
2024-06-26 15:00:00+00:00,61409.796875
2024-06-26 16:00:00+00:00,61231.62109375
2024-06-26 17:00:00+00:00,61182.875
2024-06-26 18:00:00+00:00,60922.94921875
2024-06-26 19:00:00+00:00,61048.73828125
2024-06-26 20:00:00+00:00,60950.3671875
2024-06-26 21:00:00+00:00,60987.28125
2024-06-26 22:00:00+00:00,60881.34375
2024-06-26 23:00:00+00:00,60778.06640625
2024-06-27 00:00:00+00:00,60939.24609375
2024-06-27 01:00:00+00:00,61043.8984375
2024-06-27 02:00:00+00:00,60974.33984375
2024-06-27 03:00:00+00:00,60984.3828125
2024-06-27 04:00:00+00:00,61072.95703125
2024-06-27 05:00:00+00:00,60783.53515625
2024-06-27 06:00:00+00:00,60716.58203125
2024-06-27 07:00:00+00:00,60756.3359375
2024-06-27 08:00:00+00:00,60760.453125
2024-06-27 09:00:00+00:00,61249.08203125
2024-06-27 10:00:00+00:00,61067.46875
2024-06-27 11:00:00+00:00,61153.7265625
2024-06-27 12:00:00+00:00,61265.69921875
2024-06-27 13:00:00+00:00,61844.52734375
2024-06-27 14:00:00+00:00,61680.80859375
2024-06-27 15:00:00+00:00,61536.6875
2024-06-27 16:00:00+00:00,61673.41015625
2024-06-27 17:00:00+00:00,61795.03515625
2024-06-27 18:00:00+00:00,61746.46484375
2024-06-27 19:00:00+00:00,61440.515625
2024-06-27 20:00:00+00:00,61426.96484375
2024-06-27 21:00:00+00:00,61441.8828125
2024-06-27 22:00:00+00:00,61567.87890625
2024-06-27 23:00:00+00:00,61602.12890625
2024-06-28 00:00:00+00:00,61470.9375
2024-06-28 01:00:00+00:00,62014.03125
2024-06-28 02:00:00+00:00,61665.02734375
2024-06-28 03:00:00+00:00,61775.4609375
2024-06-28 04:00:00+00:00,61657.1875
2024-06-28 05:00:00+00:00,61533.72265625
2024-06-28 06:00:00+00:00,61504.3359375
2024-06-28 07:00:00+00:00,61283.98828125
2024-06-28 08:00:00+00:00,61380.3515625
2024-06-28 09:00:00+00:00,61470.9296875
2024-06-28 10:00:00+00:00,61485.37890625
2024-06-28 11:00:00+00:00,61571.7578125
2024-06-28 12:00:00+00:00,61326.0859375
2024-06-28 13:00:00+00:00,61227.58203125
2024-06-28 14:00:00+00:00,60843.7265625
2024-06-28 15:00:00+00:00,61025.53125
2024-06-28 16:00:00+00:00,60740.7578125
2024-06-28 17:00:00+00:00,60696.10546875
2024-06-28 18:00:00+00:00,60741.21484375
2024-06-28 19:00:00+00:00,60111.64453125
2024-06-28 20:00:00+00:00,60132.859375
2024-06-28 21:00:00+00:00,60250.7265625
2024-06-28 22:00:00+00:00,60244.2109375
2024-06-28 23:00:00+00:00,60317.63671875
2024-06-29 00:00:00+00:00,60633.7734375
2024-06-29 01:00:00+00:00,60817.953125
2024-06-29 02:00:00+00:00,60632.953125
2024-06-29 03:00:00+00:00,60646.46875
2024-06-29 04:00:00+00:00,60675.96875
2024-06-29 05:00:00+00:00,60683.19140625
2024-06-29 06:00:00+00:00,60744.515625
2024-06-29 07:00:00+00:00,60946.76171875
2024-06-29 08:00:00+00:00,60870.27734375
2024-06-29 09:00:00+00:00,60875.98828125
2024-06-29 10:00:00+00:00,60888.47265625
2024-06-29 11:00:00+00:00,61027.3359375
2024-06-29 12:00:00+00:00,60943.33984375
2024-06-29 13:00:00+00:00,61016.359375
2024-06-29 14:00:00+00:00,60924.1875
2024-06-29 15:00:00+00:00,60995.93359375
2024-06-29 16:00:00+00:00,60885.6640625
2024-06-29 17:00:00+00:00,60941.81640625
2024-06-29 18:00:00+00:00,60952.3984375
2024-06-29 19:00:00+00:00,60953.375
2024-06-29 20:00:00+00:00,60934.91796875
2024-06-29 21:00:00+00:00,60937.33203125
2024-06-29 22:00:00+00:00,60860.78125
2024-06-29 23:00:00+00:00,60880.32421875
2024-06-30 00:00:00+00:00,60932.33984375
2024-06-30 01:00:00+00:00,60855.41796875
2024-06-30 02:00:00+00:00,60723.46484375
2024-06-30 03:00:00+00:00,60796.54296875
2024-06-30 04:00:00+00:00,60673.82421875
2024-06-30 05:00:00+00:00,60677.9296875
2024-06-30 06:00:00+00:00,60897.421875
2024-06-30 07:00:00+00:00,61401.0078125
2024-06-30 08:00:00+00:00,61393.89453125
2024-06-30 09:00:00+00:00,61399.5390625
2024-06-30 10:00:00+00:00,61388.8359375
2024-06-30 11:00:00+00:00,61428.90625
2024-06-30 12:00:00+00:00,61378.390625
2024-06-30 13:00:00+00:00,61599.30078125
2024-06-30 14:00:00+00:00,61491.30859375
2024-06-30 15:00:00+00:00,61620.03125
2024-06-30 16:00:00+00:00,61521.4296875
2024-06-30 17:00:00+00:00,61605.16015625
2024-06-30 18:00:00+00:00,61940.56640625
2024-06-30 19:00:00+00:00,61932.1640625
2024-06-30 20:00:00+00:00,61907.80078125
2024-06-30 21:00:00+00:00,61839.5703125
2024-06-30 22:00:00+00:00,62799.94140625
2024-06-30 23:00:00+00:00,62701.2890625
2024-07-01 00:00:00+00:00,62820.1484375
2024-07-01 01:00:00+00:00,63531.328125
2024-07-01 02:00:00+00:00,63355.0078125
2024-07-01 03:00:00+00:00,63351.4296875
2024-07-01 04:00:00+00:00,63209.234375
2024-07-01 05:00:00+00:00,63361.24609375
2024-07-01 06:00:00+00:00,63339.90234375
2024-07-01 07:00:00+00:00,63222.171875
2024-07-01 08:00:00+00:00,62877.71484375
2024-07-01 09:00:00+00:00,62843.3203125
2024-07-01 10:00:00+00:00,62804.49609375
2024-07-01 11:00:00+00:00,62579.6171875
2024-07-01 12:00:00+00:00,62792.2890625
2024-07-01 13:00:00+00:00,62625.75
2024-07-01 14:00:00+00:00,62767.1875
2024-07-01 15:00:00+00:00,62954.140625
2024-07-01 16:00:00+00:00,63022.84375
2024-07-01 17:00:00+00:00,63612.8125
2024-07-01 18:00:00+00:00,63607.05859375
2024-07-01 19:00:00+00:00,63068.75
2024-07-01 20:00:00+00:00,63252.484375
2024-07-01 21:00:00+00:00,63027.171875
2024-07-01 22:00:00+00:00,62922.796875
2024-07-01 23:00:00+00:00,62857.3984375
2024-07-02 00:00:00+00:00,62871.68359375
2024-07-02 01:00:00+00:00,62855.3828125
2024-07-02 02:00:00+00:00,62931.58203125
2024-07-02 03:00:00+00:00,63086.20703125
2024-07-02 04:00:00+00:00,63012.828125
2024-07-02 05:00:00+00:00,62950.3828125
2024-07-02 06:00:00+00:00,62779.83203125
2024-07-02 07:00:00+00:00,62548.40234375
2024-07-02 08:00:00+00:00,62604.23828125
2024-07-02 09:00:00+00:00,62574.15234375
2024-07-02 10:00:00+00:00,62632.890625
2024-07-02 11:00:00+00:00,62715.29296875
2024-07-02 12:00:00+00:00,62809.26953125
2024-07-02 13:00:00+00:00,62573.69140625
2024-07-02 14:00:00+00:00,61978.4921875
2024-07-02 15:00:00+00:00,61944.0546875
2024-07-02 16:00:00+00:00,61855.34375
2024-07-02 17:00:00+00:00,62058.88671875
2024-07-02 18:00:00+00:00,62267.875
2024-07-02 19:00:00+00:00,61887.84765625
2024-07-02 20:00:00+00:00,61933.08203125
2024-07-02 21:00:00+00:00,61906.79296875
2024-07-02 22:00:00+00:00,62006.0
2024-07-02 23:00:00+00:00,62028.87109375
2024-07-03 00:00:00+00:00,62059.5703125
2024-07-03 01:00:00+00:00,61397.3203125
2024-07-03 02:00:00+00:00,61250.31640625
2024-07-03 03:00:00+00:00,60876.3515625
2024-07-03 04:00:00+00:00,60803.3828125
2024-07-03 05:00:00+00:00,60991.51171875
2024-07-03 06:00:00+00:00,60915.5234375
2024-07-03 07:00:00+00:00,60800.5390625
2024-07-03 08:00:00+00:00,60543.19140625
2024-07-03 09:00:00+00:00,60518.16796875
2024-07-03 10:00:00+00:00,60270.3828125
2024-07-03 11:00:00+00:00,60289.8203125
2024-07-03 12:00:00+00:00,59965.71484375
2024-07-03 13:00:00+00:00,60532.96484375
2024-07-03 14:00:00+00:00,60222.69140625
2024-07-03 15:00:00+00:00,60104.15625
2024-07-03 16:00:00+00:00,60417.94921875
2024-07-03 17:00:00+00:00,60295.64453125
2024-07-03 18:00:00+00:00,60191.28125
2024-07-03 19:00:00+00:00,59722.01171875
2024-07-03 20:00:00+00:00,59589.09765625
2024-07-03 21:00:00+00:00,60236.7421875
2024-07-03 22:00:00+00:00,60260.23046875
2024-07-03 23:00:00+00:00,60226.25
2024-07-04 00:00:00+00:00,60359.23828125
2024-07-04 01:00:00+00:00,58633.15234375
2024-07-04 02:00:00+00:00,58971.1796875
2024-07-04 03:00:00+00:00,59092.90625
2024-07-04 04:00:00+00:00,58973.3125
2024-07-04 05:00:00+00:00,58884.421875
2024-07-04 06:00:00+00:00,58799.78125
2024-07-04 07:00:00+00:00,58163.98828125
2024-07-04 08:00:00+00:00,57606.88671875
2024-07-04 09:00:00+00:00,57685.75390625
2024-07-04 10:00:00+00:00,57877.75390625
2024-07-04 11:00:00+00:00,57716.25390625
2024-07-04 12:00:00+00:00,57171.3046875
2024-07-04 13:00:00+00:00,57360.63671875
2024-07-04 14:00:00+00:00,57378.984375
2024-07-04 15:00:00+00:00,58100.37109375
2024-07-04 16:00:00+00:00,58251.90234375
2024-07-04 17:00:00+00:00,58216.7734375
2024-07-04 18:00:00+00:00,58121.21484375
2024-07-04 19:00:00+00:00,58271.23828125
2024-07-04 20:00:00+00:00,58296.8203125
2024-07-04 21:00:00+00:00,58438.265625
2024-07-04 22:00:00+00:00,58005.1171875
2024-07-04 23:00:00+00:00,57087.01953125
2024-07-05 00:00:00+00:00,57343.9296875
2024-07-05 01:00:00+00:00,57178.76953125
2024-07-05 02:00:00+00:00,55994.515625
2024-07-05 03:00:00+00:00,55213.265625
2024-07-05 04:00:00+00:00,53933.0390625
2024-07-05 05:00:00+00:00,54712.5546875
2024-07-05 06:00:00+00:00,54260.15625
2024-07-05 07:00:00+00:00,54373.44140625
2024-07-05 08:00:00+00:00,54146.3828125
2024-07-05 09:00:00+00:00,54506.203125
2024-07-05 10:00:00+00:00,54953.890625
2024-07-05 11:00:00+00:00,55450.6640625
2024-07-05 12:00:00+00:00,55089.0546875
2024-07-05 13:00:00+00:00,55817.203125
2024-07-05 14:00:00+00:00,55735.9609375
2024-07-05 15:00:00+00:00,56583.421875
2024-07-05 16:00:00+00:00,56446.21484375
2024-07-05 17:00:00+00:00,56519.234375
2024-07-05 18:00:00+00:00,56570.2265625
2024-07-05 19:00:00+00:00,56523.53515625
2024-07-05 20:00:00+00:00,56355.9765625
2024-07-05 21:00:00+00:00,56562.69921875
2024-07-05 22:00:00+00:00,56608.35546875
2024-07-05 23:00:00+00:00,56686.45703125
2024-07-06 00:00:00+00:00,56609.33984375
2024-07-06 01:00:00+00:00,56263.96875
2024-07-06 02:00:00+00:00,56422.83984375
2024-07-06 03:00:00+00:00,56400.8671875
2024-07-06 04:00:00+00:00,56087.390625
2024-07-06 05:00:00+00:00,56373.7109375
2024-07-06 06:00:00+00:00,56442.57421875
2024-07-06 07:00:00+00:00,56589.13671875
2024-07-06 08:00:00+00:00,56561.66796875
2024-07-06 09:00:00+00:00,56723.9921875
2024-07-06 10:00:00+00:00,56793.5
2024-07-06 11:00:00+00:00,56747.2265625
2024-07-06 12:00:00+00:00,56740.375
2024-07-06 13:00:00+00:00,56966.72265625
2024-07-06 14:00:00+00:00,57074.30078125
2024-07-06 15:00:00+00:00,57321.34765625
2024-07-06 16:00:00+00:00,57833.93359375
2024-07-06 17:00:00+00:00,57950.546875
2024-07-06 18:00:00+00:00,57810.8046875
2024-07-06 19:00:00+00:00,57872.51171875
2024-07-06 20:00:00+00:00,58002.8828125
2024-07-06 21:00:00+00:00,57897.7265625
2024-07-06 22:00:00+00:00,58102.40234375
2024-07-06 23:00:00+00:00,58269.2578125
2024-07-07 00:00:00+00:00,57962.42578125
2024-07-07 01:00:00+00:00,58119.96875
2024-07-07 02:00:00+00:00,58347.78125
2024-07-07 03:00:00+00:00,57951.98046875
2024-07-07 04:00:00+00:00,57616.19921875
2024-07-07 05:00:00+00:00,57653.76171875
2024-07-07 06:00:00+00:00,57646.265625
2024-07-07 07:00:00+00:00,57360.0703125
2024-07-07 08:00:00+00:00,57622.578125
2024-07-07 09:00:00+00:00,57711.875
2024-07-07 10:00:00+00:00,57517.89453125
2024-07-07 11:00:00+00:00,57452.21484375
2024-07-07 12:00:00+00:00,57324.41796875
2024-07-07 13:00:00+00:00,56855.37109375
2024-07-07 14:00:00+00:00,56763.92578125
2024-07-07 15:00:00+00:00,56847.10546875
2024-07-07 16:00:00+00:00,57052.79296875
2024-07-07 17:00:00+00:00,57207.57421875
2024-07-07 18:00:00+00:00,57164.6953125
2024-07-07 19:00:00+00:00,57139.99609375
2024-07-07 20:00:00+00:00,57286.76171875
2024-07-07 21:00:00+00:00,56584.56640625
2024-07-07 22:00:00+00:00,56420.73828125
2024-07-07 23:00:00+00:00,55938.9765625
2024-07-08 00:00:00+00:00,55236.2734375
2024-07-08 01:00:00+00:00,54917.9609375
2024-07-08 02:00:00+00:00,55406.4140625
2024-07-08 03:00:00+00:00,55173.7265625
2024-07-08 04:00:00+00:00,55520.46875
2024-07-08 05:00:00+00:00,55526.7265625
2024-07-08 06:00:00+00:00,55624.515625
2024-07-08 07:00:00+00:00,55861.8828125
2024-07-08 08:00:00+00:00,57704.4296875
2024-07-08 09:00:00+00:00,57459.3203125
2024-07-08 10:00:00+00:00,56758.93359375
2024-07-08 11:00:00+00:00,57087.4765625
2024-07-08 12:00:00+00:00,57160.5703125
2024-07-08 13:00:00+00:00,57172.28125
2024-07-08 14:00:00+00:00,56215.99609375
2024-07-08 15:00:00+00:00,55790.640625
2024-07-08 16:00:00+00:00,55790.890625
2024-07-08 17:00:00+00:00,56305.09375
2024-07-08 18:00:00+00:00,56277.84375
2024-07-08 19:00:00+00:00,56482.82421875
2024-07-08 20:00:00+00:00,56242.625
2024-07-08 21:00:00+00:00,56682.484375
2024-07-08 22:00:00+00:00,56634.40234375
2024-07-08 23:00:00+00:00,56681.23828125
2024-07-09 00:00:00+00:00,56576.23046875
2024-07-09 01:00:00+00:00,56574.41796875
2024-07-09 02:00:00+00:00,57296.75390625
2024-07-09 03:00:00+00:00,57151.21875
2024-07-09 04:00:00+00:00,57292.40234375
2024-07-09 05:00:00+00:00,57291.91796875
2024-07-09 06:00:00+00:00,57512.65234375
2024-07-09 07:00:00+00:00,57050.08984375
2024-07-09 08:00:00+00:00,57617.4921875
2024-07-09 09:00:00+00:00,57621.01171875
2024-07-09 10:00:00+00:00,57408.27734375
2024-07-09 11:00:00+00:00,57429.0390625
2024-07-09 12:00:00+00:00,57359.73046875
2024-07-09 13:00:00+00:00,57258.23046875
2024-07-09 14:00:00+00:00,57288.55859375
2024-07-09 15:00:00+00:00,57483.55078125
2024-07-09 16:00:00+00:00,57666.578125
2024-07-09 17:00:00+00:00,57528.4140625
2024-07-09 18:00:00+00:00,57899.96875
2024-07-09 19:00:00+00:00,57797.8671875
2024-07-09 20:00:00+00:00,57912.75
2024-07-09 21:00:00+00:00,57808.87109375
2024-07-09 22:00:00+00:00,57946.22265625
2024-07-09 23:00:00+00:00,57987.71484375
2024-07-10 00:00:00+00:00,57463.15234375
2024-07-10 01:00:00+00:00,57776.15625
2024-07-10 02:00:00+00:00,57883.59375
2024-07-10 03:00:00+00:00,58140.625
2024-07-10 04:00:00+00:00,59288.97265625
2024-07-10 05:00:00+00:00,58984.77734375
2024-07-10 06:00:00+00:00,59269.62109375
2024-07-10 07:00:00+00:00,58981.94140625
2024-07-10 08:00:00+00:00,58720.84375
2024-07-10 09:00:00+00:00,58522.984375
2024-07-10 10:00:00+00:00,58625.95703125
2024-07-10 11:00:00+00:00,58484.85546875
2024-07-10 12:00:00+00:00,58080.3046875
2024-07-10 13:00:00+00:00,57688.8671875
2024-07-10 14:00:00+00:00,57738.578125
2024-07-10 15:00:00+00:00,57739.58203125
2024-07-10 16:00:00+00:00,57684.5625
2024-07-10 17:00:00+00:00,57630.83203125
2024-07-10 18:00:00+00:00,57605.71875
2024-07-10 19:00:00+00:00,57451.97265625
2024-07-10 20:00:00+00:00,57368.08984375
2024-07-10 21:00:00+00:00,57483.796875
2024-07-10 22:00:00+00:00,57709.0546875
2024-07-10 23:00:00+00:00,57714.453125
2024-07-11 00:00:00+00:00,57614.4453125
2024-07-11 01:00:00+00:00,58318.515625
2024-07-11 02:00:00+00:00,57863.3359375
2024-07-11 03:00:00+00:00,57563.203125
2024-07-11 04:00:00+00:00,57743.2734375
2024-07-11 05:00:00+00:00,58017.65625
2024-07-11 06:00:00+00:00,58000.609375
2024-07-11 07:00:00+00:00,58196.52734375
2024-07-11 08:00:00+00:00,58157.6875
2024-07-11 09:00:00+00:00,58292.12890625
2024-07-11 10:00:00+00:00,58431.125
2024-07-11 11:00:00+00:00,58782.01953125
2024-07-11 12:00:00+00:00,58803.91015625
2024-07-11 13:00:00+00:00,58509.765625
2024-07-11 14:00:00+00:00,57889.171875
2024-07-11 15:00:00+00:00,57328.76953125
2024-07-11 16:00:00+00:00,57647.09765625
2024-07-11 17:00:00+00:00,57824.9765625
2024-07-11 18:00:00+00:00,57828.8125
2024-07-11 19:00:00+00:00,57410.5234375
2024-07-11 20:00:00+00:00,57544.68359375
2024-07-11 21:00:00+00:00,57440.82421875
2024-07-11 22:00:00+00:00,57309.546875
2024-07-11 23:00:00+00:00,57370.72265625
2024-07-12 00:00:00+00:00,57184.875
2024-07-12 01:00:00+00:00,56934.2109375
2024-07-12 02:00:00+00:00,57368.609375
2024-07-12 03:00:00+00:00,56924.46875
2024-07-12 04:00:00+00:00,57034.01953125
2024-07-12 05:00:00+00:00,57020.4296875
2024-07-12 06:00:00+00:00,57238.0703125
2024-07-12 07:00:00+00:00,57062.8125
2024-07-12 08:00:00+00:00,57305.828125
2024-07-12 09:00:00+00:00,56948.01171875
2024-07-12 10:00:00+00:00,57174.31640625
2024-07-12 11:00:00+00:00,57173.6640625
2024-07-12 12:00:00+00:00,57382.37890625
2024-07-12 13:00:00+00:00,57936.33984375
2024-07-12 14:00:00+00:00,57809.89453125
2024-07-12 15:00:00+00:00,58248.3515625
2024-07-12 16:00:00+00:00,58098.45703125
2024-07-12 17:00:00+00:00,58169.94921875
2024-07-12 18:00:00+00:00,58324.4296875
2024-07-12 19:00:00+00:00,57729.24609375
2024-07-12 20:00:00+00:00,57589.28125
2024-07-12 21:00:00+00:00,57610.16796875
2024-07-12 22:00:00+00:00,57800.37890625
2024-07-12 23:00:00+00:00,57908.38671875
2024-07-13 00:00:00+00:00,57839.81640625
2024-07-13 01:00:00+00:00,57893.28515625
2024-07-13 02:00:00+00:00,57959.64453125
2024-07-13 03:00:00+00:00,57833.48046875
2024-07-13 04:00:00+00:00,57810.453125
2024-07-13 05:00:00+00:00,58068.07421875
2024-07-13 06:00:00+00:00,58051.3046875
2024-07-13 07:00:00+00:00,58175.32421875
2024-07-13 08:00:00+00:00,57983.59375
2024-07-13 09:00:00+00:00,58639.6015625
2024-07-13 10:00:00+00:00,58478.6953125
2024-07-13 11:00:00+00:00,58541.57421875
2024-07-13 12:00:00+00:00,58802.328125
2024-07-13 13:00:00+00:00,58613.95703125
2024-07-13 14:00:00+00:00,58756.56640625
2024-07-13 15:00:00+00:00,58833.90625
2024-07-13 16:00:00+00:00,58631.515625
2024-07-13 17:00:00+00:00,58683.390625
2024-07-13 18:00:00+00:00,58653.328125
2024-07-13 19:00:00+00:00,58659.7109375
2024-07-13 20:00:00+00:00,58612.84375
2024-07-13 21:00:00+00:00,58693.16015625
2024-07-13 22:00:00+00:00,59444.5234375
2024-07-13 23:00:00+00:00,59238.58203125
2024-07-14 00:00:00+00:00,59769.14453125
2024-07-14 01:00:00+00:00,59731.359375
2024-07-14 02:00:00+00:00,59367.33203125
2024-07-14 03:00:00+00:00,59479.7109375
2024-07-14 04:00:00+00:00,59908.7734375
2024-07-14 05:00:00+00:00,60268.51171875
2024-07-14 06:00:00+00:00,59876.71875
2024-07-14 07:00:00+00:00,60122.55078125
2024-07-14 08:00:00+00:00,60209.44921875
2024-07-14 09:00:00+00:00,60238.26953125
2024-07-14 10:00:00+00:00,59961.0
2024-07-14 11:00:00+00:00,60115.5546875
2024-07-14 12:00:00+00:00,59634.41796875
2024-07-14 13:00:00+00:00,59717.58984375
2024-07-14 14:00:00+00:00,60061.1171875
2024-07-14 15:00:00+00:00,60115.5
2024-07-14 16:00:00+00:00,60078.83984375
2024-07-14 17:00:00+00:00,60023.734375
2024-07-14 18:00:00+00:00,60042.6328125
2024-07-14 19:00:00+00:00,59933.203125
2024-07-14 20:00:00+00:00,60137.2421875
2024-07-14 21:00:00+00:00,61246.04296875
2024-07-14 22:00:00+00:00,60895.90625
2024-07-14 23:00:00+00:00,60748.80859375
2024-07-15 00:00:00+00:00,61238.359375
2024-07-15 01:00:00+00:00,61434.57421875
2024-07-15 02:00:00+00:00,62625.859375
2024-07-15 03:00:00+00:00,62668.26953125
2024-07-15 04:00:00+00:00,62647.37890625
2024-07-15 05:00:00+00:00,62785.4765625
2024-07-15 06:00:00+00:00,62924.53125
2024-07-15 07:00:00+00:00,62900.38671875
2024-07-15 08:00:00+00:00,62896.21875
2024-07-15 09:00:00+00:00,62712.73828125
2024-07-15 10:00:00+00:00,62497.97265625
2024-07-15 11:00:00+00:00,62487.83203125
2024-07-15 12:00:00+00:00,62641.4453125
2024-07-15 13:00:00+00:00,62904.98046875
2024-07-15 14:00:00+00:00,63215.26953125
2024-07-15 15:00:00+00:00,63043.515625
2024-07-15 16:00:00+00:00,63564.171875
2024-07-15 17:00:00+00:00,63196.125
2024-07-15 18:00:00+00:00,63578.4296875
2024-07-15 19:00:00+00:00,63365.671875
2024-07-15 20:00:00+00:00,63813.23046875
2024-07-15 21:00:00+00:00,63569.76953125
2024-07-15 22:00:00+00:00,64381.20703125
2024-07-15 23:00:00+00:00,64863.97265625
2024-07-16 00:00:00+00:00,64647.65234375
2024-07-16 01:00:00+00:00,64854.609375
2024-07-16 02:00:00+00:00,64821.33203125
2024-07-16 03:00:00+00:00,64785.953125
2024-07-16 04:00:00+00:00,64535.04296875
2024-07-16 05:00:00+00:00,63595.765625
2024-07-16 06:00:00+00:00,62835.76953125
2024-07-16 07:00:00+00:00,62907.890625
2024-07-16 08:00:00+00:00,62832.4609375
2024-07-16 09:00:00+00:00,63186.03515625
2024-07-16 10:00:00+00:00,63476.828125
2024-07-16 11:00:00+00:00,63749.66015625
2024-07-16 12:00:00+00:00,63781.73046875
2024-07-16 13:00:00+00:00,63633.3828125
2024-07-16 14:00:00+00:00,63850.79296875
2024-07-16 15:00:00+00:00,64916.21484375
2024-07-16 16:00:00+00:00,64466.69921875
2024-07-16 17:00:00+00:00,64542.60546875
2024-07-16 18:00:00+00:00,64724.8046875
2024-07-16 19:00:00+00:00,65092.40234375
2024-07-16 20:00:00+00:00,64774.546875
2024-07-16 21:00:00+00:00,64573.453125
2024-07-16 22:00:00+00:00,64669.5234375
2024-07-16 23:00:00+00:00,65128.67578125
2024-07-17 00:00:00+00:00,65527.96484375
2024-07-17 01:00:00+00:00,65702.609375
2024-07-17 02:00:00+00:00,65637.984375
2024-07-17 03:00:00+00:00,65762.15625
2024-07-17 04:00:00+00:00,65858.3671875
2024-07-17 05:00:00+00:00,65697.328125
2024-07-17 06:00:00+00:00,65634.71875
2024-07-17 07:00:00+00:00,65306.73828125
2024-07-17 08:00:00+00:00,65218.5078125
2024-07-17 09:00:00+00:00,65359.953125
2024-07-17 10:00:00+00:00,65133.171875
2024-07-17 11:00:00+00:00,64729.546875
2024-07-17 12:00:00+00:00,64738.2734375
2024-07-17 13:00:00+00:00,65248.25390625
2024-07-17 14:00:00+00:00,65051.15234375
2024-07-17 15:00:00+00:00,64768.36328125
2024-07-17 16:00:00+00:00,64252.58203125
2024-07-17 17:00:00+00:00,64299.91796875
2024-07-17 18:00:00+00:00,64506.4609375
2024-07-17 19:00:00+00:00,64623.66796875
2024-07-17 20:00:00+00:00,64544.47265625
2024-07-17 21:00:00+00:00,64364.23828125
2024-07-17 22:00:00+00:00,64269.87109375
2024-07-17 23:00:00+00:00,64149.41796875
2024-07-18 00:00:00+00:00,64504.359375
2024-07-18 01:00:00+00:00,64658.3671875
2024-07-18 02:00:00+00:00,64690.76171875
2024-07-18 03:00:00+00:00,64856.08984375
2024-07-18 04:00:00+00:00,64561.2109375
2024-07-18 05:00:00+00:00,64760.99609375
2024-07-18 06:00:00+00:00,65021.00390625
2024-07-18 07:00:00+00:00,64723.67578125
2024-07-18 08:00:00+00:00,64956.328125
2024-07-18 09:00:00+00:00,64867.61328125
2024-07-18 10:00:00+00:00,64614.74609375
2024-07-18 11:00:00+00:00,64741.8828125
2024-07-18 12:00:00+00:00,64855.87890625
2024-07-18 13:00:00+00:00,64599.25
2024-07-18 14:00:00+00:00,63964.609375
2024-07-18 15:00:00+00:00,63526.14453125
2024-07-18 16:00:00+00:00,63887.76953125
2024-07-18 17:00:00+00:00,63571.60546875
2024-07-18 18:00:00+00:00,63537.5078125
2024-07-18 19:00:00+00:00,63630.78515625
2024-07-18 20:00:00+00:00,63802.69140625
2024-07-18 21:00:00+00:00,63824.30078125
2024-07-18 22:00:00+00:00,64015.61328125
2024-07-18 23:00:00+00:00,63970.9765625
2024-07-19 00:00:00+00:00,63574.15234375
2024-07-19 01:00:00+00:00,63788.18359375
2024-07-19 02:00:00+00:00,63774.39453125
2024-07-19 03:00:00+00:00,64294.0625
2024-07-19 04:00:00+00:00,64183.76171875
2024-07-19 05:00:00+00:00,64155.8671875
2024-07-19 06:00:00+00:00,64202.90234375
2024-07-19 07:00:00+00:00,63718.609375
2024-07-19 08:00:00+00:00,63788.7109375
2024-07-19 09:00:00+00:00,63701.02734375
2024-07-19 10:00:00+00:00,64010.25
2024-07-19 11:00:00+00:00,64102.98046875
2024-07-19 12:00:00+00:00,64407.70703125
2024-07-19 13:00:00+00:00,65269.28125
2024-07-19 14:00:00+00:00,65748.2890625
2024-07-19 15:00:00+00:00,65800.3515625
2024-07-19 16:00:00+00:00,66437.3125
2024-07-19 17:00:00+00:00,66794.5546875
2024-07-19 18:00:00+00:00,66794.1875
2024-07-19 19:00:00+00:00,67310.109375
2024-07-19 20:00:00+00:00,66976.3125
2024-07-19 21:00:00+00:00,66945.546875
2024-07-19 22:00:00+00:00,66735.5546875
2024-07-19 23:00:00+00:00,66707.6953125
2024-07-20 00:00:00+00:00,66487.4921875
2024-07-20 01:00:00+00:00,66408.5
2024-07-20 02:00:00+00:00,66619.84375
2024-07-20 03:00:00+00:00,66661.25
2024-07-20 04:00:00+00:00,66699.0390625
2024-07-20 05:00:00+00:00,66565.5859375
2024-07-20 06:00:00+00:00,66666.5
2024-07-20 07:00:00+00:00,66620.1953125
2024-07-20 08:00:00+00:00,66544.0546875
2024-07-20 09:00:00+00:00,66631.7265625
2024-07-20 10:00:00+00:00,66552.75
2024-07-20 11:00:00+00:00,66531.1875
2024-07-20 12:00:00+00:00,66530.0234375
2024-07-20 13:00:00+00:00,66561.15625
2024-07-20 14:00:00+00:00,66664.8359375
2024-07-20 14:52:00,66614.0
